match_id,po_number,invoice_number,po_amount,invoice_amount,variance,Custom,currency,match_status,tolerance_flag
MTC-10001,4539496569,REN-2023-01004,351392,351202,-190,Within Tolerance,GBP,Tolerance Match,No
MTC-10002,4561573152,CMT00001006,404627,404988,361,Within Tolerance,USD,Tolerance Match,Yes
MTC-10003,4577178167,2024/53439,168437,963516,795079,Major Variance,GBP,Exception,No
MTC-10004,4551352278,TML00001011,103481,108698,5217,Significant Variance,GBP,Partial Match,No
MTC-10005,4545550848,P001015-2023,45751,113235,-158986,Within Tolerance,GBP,Unmatched,No
MTC-10006,4577178167,INV2023001015,168437,166797,-1640,Within Tolerance,GBP,Exception,No
MTC-10007,4512308244,MSL-2024-01015,334173,1674365,1340192,Major Variance,USD,Unmatched,No
MTC-10008,4581953019,2024-PLF-1028,457770,464137,6367,Significant Variance,GBP,Exception,No
MTC-10009,4543970581,P001032-2023,487122,479914,-7208,Within Tolerance,GBP,Partial Match,No
MTC-10010,4524565475,P001006-2023,484414,477201,-7213,Within Tolerance,GBP,Pending Review,No
MTC-10011,4523034714,P001009-2023,119192,119186,-6,Within Tolerance,GBP,Matched,No
MTC-10012,4515400671,P001004-2024,15740,15764,24,Within Tolerance,EUR,Matched,No
MTC-10013,4563816918,IUK00001017,334849,341364,6515,Significant Variance,GBP,Exception,No
MTC-10014,4598628262,INV2023001015,340146,344788,4642,Minor Variance,GBP,Partial Match,No
MTC-10015,4573772263,DAL-2024-01013,45518,39529,-5989,Within Tolerance,GBP,Partial Match,No
MTC-10016,4598236168,ENH-2023-01011,262596,259167,-3429,Within Tolerance,EUR,Exception,No
MTC-10017,4557822552,SI-0001013,400644,399838,-806,Within Tolerance,USD,Partial Match,Yes
MTC-10018,4510446073,2024/55280,448300,446600,-1700,Within Tolerance,GBP,Partial Match,No
MTC-10019,4541084002,CHX00001013,383281,378757,-4524,Within Tolerance,USD,Partial Match,No
MTC-10020,4511449694,PLF/2024/1046,450386,446664,-3722,Within Tolerance,GBP,Partial Match,No
MTC-10021,4523591749,APT/2024/1008,373440,372943,-497,Within Tolerance,USD,Matched,Yes
MTC-10022,4571755797,ULC/2024/1010,374763,382012,7249,Significant Variance,USD,Pending Review,No
MTC-10023,4515400671,SI-0001013,15740,8120,-7620,Within Tolerance,USD,Partial Match,No
MTC-10024,4527850612,SSE-2024-01012,337434,338769,1335,Minor Variance,GBP,Partial Match,Yes
MTC-10025,4531940315,2023-CIV-1002,406110,408292,2182,Minor Variance,GBP,Matched,No
MTC-10026,4566987415,2023/40485,122667,118548,-4119,Within Tolerance,GBP,Pending Review,No
MTC-10027,4578042382,MOG/2023/1009,313439,319980,6541,Significant Variance,EUR,Partial Match,No
MTC-10028,4533105548,2023-ULC-1017,211907,209815,-2092,Within Tolerance,USD,Partial Match,No
MTC-10029,4538474205,2023-KON-1006,143956,139512,-4444,Within Tolerance,EUR,2-Way Match,No
MTC-10030,4591226383,N4L00001002,88523,93514,4991,Minor Variance,GBP,Partial Match,No
MTC-10031,4578806340,2023-KON-1015,240602,220297,-20305,Within Tolerance,EUR,Unmatched,No
MTC-10032,4580118649,GWI-2023-01024,211686,216404,4718,Minor Variance,GBP,Partial Match,No
MTC-10033,4510446073,INV2024001054,448300,446182,-2118,Within Tolerance,GBP,Partial Match,No
MTC-10034,4588484525,BBH00001011,324722,331400,6678,Significant Variance,GBP,Partial Match,No
MTC-10035,4556037062,2024-SPE-1015,147137,142105,-5032,Within Tolerance,GBP,Partial Match,No
MTC-10036,4511907184,REN-2024-01011,111555,106911,-4644,Within Tolerance,GBP,Pending Review,No
MTC-10037,4515101477,PMS00001001,17563,17020,-543,Within Tolerance,EUR,3-Way Match,Yes
MTC-10038,4531940315,2023-CIV-1010,406110,410877,4767,Minor Variance,GBP,Partial Match,No
MTC-10039,4551352278,INV2024001022,103481,103001,-480,Within Tolerance,GBP,2-Way Match,Yes
MTC-10040,4578426503,P001028-2024,62204,291062,228858,Major Variance,EUR,Unmatched,No
MTC-10041,4596260793,2023-KNX-1003,55359,53380,-1979,Within Tolerance,GBP,Partial Match,No
MTC-10042,4511424393,TML-2023-01030,402487,398506,-3981,Within Tolerance,GBP,Exception,No
MTC-10043,4549547524,TTN/2023/1001,486608,208341,-278267,Within Tolerance,GBP,Unmatched,No
MTC-10044,4570244441,2023/50745,336044,331811,-4233,Within Tolerance,GBP,Partial Match,No
MTC-10045,4511966146,P001014-2024,466365,466103,-262,Within Tolerance,GBP,2-Way Match,Yes
MTC-10046,4595771152,CHX/2023/1017,423979,2945159,2521180,Major Variance,USD,Partial Match,No
MTC-10047,4592730859,ENH/2023/1016,263034,134318,-128716,Within Tolerance,EUR,Unmatched,No
MTC-10048,4575992324,2023-ASC-1012,411994,414691,2697,Minor Variance,GBP,Partial Match,No
MTC-10049,4552800125,PLF/2023/1057,150409,153149,2740,Minor Variance,GBP,Partial Match,No
MTC-10050,4549863203,P001001-2024,439004,431886,-7118,Within Tolerance,USD,Pending Review,No
MTC-10051,4586103838,ENH-2024-01027,498093,500800,2707,Minor Variance,EUR,Partial Match,No
MTC-10052,4593141359,SI-0001014,106713,99367,-7346,Within Tolerance,USD,Partial Match,No
MTC-10053,4531940315,CIV00001011,406110,399045,-7065,Within Tolerance,GBP,Pending Review,No
MTC-10054,4554863973,2023/44980,28945,33261,4316,Minor Variance,GBP,Exception,No
MTC-10055,4586177641,SI-0001025,119316,116477,-2839,Within Tolerance,GBP,Exception,No
MTC-10056,4588890772,INV2024001012,333746,327130,-6616,Within Tolerance,GBP,Partial Match,No
MTC-10057,4518175495,2024/94356,483567,490128,6561,Significant Variance,EUR,Partial Match,No
MTC-10058,4518907521,GWI/2024/1038,252594,252532,-62,Within Tolerance,GBP,Tolerance Match,No
MTC-10059,4551818673,P001012-2024,284506,280491,-4015,Within Tolerance,GBP,Partial Match,No
MTC-10060,4526960158,PFM-2023-01025,297221,304237,7016,Significant Variance,GBP,Partial Match,No
MTC-10061,4515101477,P001004-2023,17563,18144,581,Minor Variance,EUR,3-Way Match,Yes
MTC-10062,4594528547,SPE00001025,58347,51072,-7275,Within Tolerance,GBP,Partial Match,No
MTC-10063,4517053378,N4L/2023/1041,439883,444015,4132,Minor Variance,GBP,Exception,No
MTC-10064,4566824735,SI-0001052,363972,369954,5982,Significant Variance,GBP,Exception,No
MTC-10065,4583208610,INV2023001028,104281,98088,-6193,Within Tolerance,USD,Partial Match,No
MTC-10066,4549702930,CIV-2024-01013,78775,73906,-4869,Within Tolerance,GBP,Exception,No
MTC-10067,4537068753,2024/33963,342836,342212,-624,Within Tolerance,GBP,2-Way Match,Yes
MTC-10068,4595219410,HAY/2023/1001,102327,107621,5294,Significant Variance,GBP,Partial Match,No
MTC-10069,4564993950,FGD-2023-01006,120439,125612,5173,Significant Variance,GBP,Pending Review,No
MTC-10070,4541213224,2024/33913,312063,314360,2297,Minor Variance,EUR,Partial Match,No
MTC-10071,4541697369,CMT-2023-01009,236325,239153,2828,Minor Variance,USD,Unmatched,No
MTC-10072,4566566316,2023-RCS-1030,47065,44211,-2854,Within Tolerance,GBP,Pending Review,No
MTC-10073,4511424393,INV2024001038,402487,407834,5347,Significant Variance,GBP,Matched,No
MTC-10074,4547670428,INV2024001013,223921,217434,-6487,Within Tolerance,GBP,Partial Match,No
MTC-10075,4527715082,2023-THG-1028,363080,356943,-6137,Within Tolerance,USD,Exception,No
MTC-10076,4572000995,BIF00001009,243146,248212,5066,Significant Variance,GBP,Partial Match,No
MTC-10077,4576509626,PLF/2023/1064,237485,234859,-2626,Within Tolerance,GBP,Partial Match,No
MTC-10078,4517373203,2023/72332,52230,45454,-6776,Within Tolerance,USD,Partial Match,No
MTC-10079,4569880196,SI-0001016,411956,416135,4179,Minor Variance,GBP,Partial Match,No
MTC-10080,4584781739,2024/83602,464864,466730,1866,Minor Variance,GBP,Partial Match,No
MTC-10081,4522493209,INV2024001021,148180,148207,27,Within Tolerance,USD,3-Way Match,No
MTC-10082,4552915831,2023-YLU-1007,19252,25727,6475,Significant Variance,GBP,Pending Review,No
MTC-10083,4586826109,SI-0001030,315620,310361,-5259,Within Tolerance,GBP,Pending Review,No
MTC-10084,4539496569,P001018-2024,351392,348479,-2913,Within Tolerance,GBP,Partial Match,No
MTC-10085,4582903416,P001021-2024,393178,397198,4020,Minor Variance,GBP,Pending Review,No
MTC-10086,4580757126,P001001-2024,127288,119812,-7476,Within Tolerance,GBP,Partial Match,No
MTC-10087,4573772263,2024-DAL-1028,45518,53377,7859,Significant Variance,GBP,Pending Review,No
MTC-10088,4577178167,GWI/2024/1060,168437,162238,-6199,Within Tolerance,USD,Partial Match,No
MTC-10089,4552915831,INV2024001011,19252,26918,7666,Significant Variance,GBP,Partial Match,No
MTC-10090,4578806340,2024-KON-1033,240602,212291,-28311,Within Tolerance,EUR,Exception,No
MTC-10091,4522493209,CMT00001022,148180,144359,-3821,Within Tolerance,USD,Unmatched,No
MTC-10092,4561720130,2023/45128,8987,15704,6717,Significant Variance,GBP,Pending Review,No
MTC-10093,4564128227,2024-GWI-1066,388603,390060,1457,Minor Variance,GBP,Pending Review,Yes
MTC-10094,4595594140,TML-2023-01039,470105,465819,-4286,Within Tolerance,GBP,Exception,No
MTC-10095,4597449560,PMS-2024-01008,303987,304383,-608370,Within Tolerance,EUR,Unmatched,No
MTC-10096,4592869300,2024/35001,184015,183332,-683,Within Tolerance,GBP,3-Way Match,Yes
MTC-10097,4574162696,2023/51737,224254,221055,-3199,Within Tolerance,GBP,Partial Match,No
MTC-10098,4559305311,INV2023001035,260566,262816,2250,Minor Variance,EUR,Exception,No
MTC-10099,4544666429,PHX00001032,435666,169334,-266332,Within Tolerance,EUR,Partial Match,No
MTC-10100,4573011095,SI-0001042,57224,53387,-3837,Within Tolerance,EUR,Exception,No
MTC-10101,4564942244,ERL/2023/1043,373996,371735,-2261,Within Tolerance,GBP,Partial Match,No
MTC-10102,4549547524,ERL-2023-01045,486608,224404,-262204,Within Tolerance,GBP,Unmatched,No
MTC-10103,4551352278,2024/82284,103481,108848,5367,Significant Variance,GBP,Partial Match,No
MTC-10104,4578806340,INV2023001052,240602,239458,-1144,Within Tolerance,EUR,Pending Review,Yes
MTC-10105,4595594140,SI-0001057,470105,471050,945,Minor Variance,GBP,Partial Match,Yes
MTC-10106,4556720776,SI-0001029,423043,421921,-1122,Within Tolerance,USD,Exception,Yes
MTC-10107,4550549460,INV2023001003,402561,395060,-7501,Within Tolerance,EUR,Pending Review,No
MTC-10108,4575649423,BBH-2024-01024,468654,461435,-7219,Within Tolerance,GBP,Pending Review,No
MTC-10109,4543769312,IFM-2023-01027,229981,223982,-5999,Within Tolerance,GBP,Pending Review,No
MTC-10110,4589710708,PTL-2023-01026,346467,348835,2368,Minor Variance,USD,Exception,No
MTC-10111,4511966146,N4L00001053,466365,467872,1507,Minor Variance,GBP,Exception,No
MTC-10112,4597735770,2023/24311,273940,263074,-10866,Within Tolerance,GBP,Partial Match,No
MTC-10113,4553029742,MSL00001034,399456,403053,3597,Minor Variance,USD,Partial Match,No
MTC-10114,4518378797,P001006-2024,216369,217375,1006,Minor Variance,GBP,Partial Match,Yes
MTC-10115,4525336431,ULC00001027,202922,197544,-5378,Within Tolerance,USD,Partial Match,No
MTC-10116,4590141088,P001029-2024,407955,402421,-5534,Within Tolerance,GBP,3-Way Match,No
MTC-10117,4592477969,SI-0001043,141490,148191,6701,Significant Variance,GBP,Pending Review,No
MTC-10118,4586025947,INV2023001023,9113,15231,6118,Significant Variance,GBP,Partial Match,No
MTC-10119,4590164644,2024-TTN-1002,208950,214937,5987,Significant Variance,GBP,Partial Match,No
MTC-10120,4584108985,P001015-2023,163748,163207,-541,Within Tolerance,USD,3-Way Match,Yes
MTC-10121,4579130404,P001031-2023,127069,129631,2562,Minor Variance,EUR,Pending Review,No
MTC-10122,4578806340,KON/2023/1066,240602,241951,1349,Minor Variance,EUR,Pending Review,Yes
MTC-10123,4529690012,IFM00001037,80103,74539,-5564,Within Tolerance,GBP,Partial Match,No
MTC-10124,4556055382,P001005-2023,202872,198221,-4651,Within Tolerance,GBP,Pending Review,No
MTC-10125,4587910819,INV2024001066,67962,73608,5646,Significant Variance,USD,Partial Match,No
MTC-10126,4551352278,TML/2023/1075,103481,110647,7166,Significant Variance,GBP,Pending Review,No
MTC-10127,4533573026,SI-0001031,186502,185466,-1036,Within Tolerance,GBP,Pending Review,Yes
MTC-10128,4566824735,GWI-2023-01080,363972,365657,1685,Minor Variance,GBP,Partial Match,No
MTC-10129,4593556042,CHX00001042,76555,84224,7669,Significant Variance,USD,Pending Review,No
MTC-10130,4517078676,SI-0001045,52053,45811,-6242,Within Tolerance,USD,Partial Match,No
MTC-10131,4582159808,SI-0001076,470903,476394,5491,Significant Variance,GBP,Exception,No
MTC-10132,4590565726,ARC00001024,471358,466464,-4894,Within Tolerance,GBP,Pending Review,No
MTC-10133,4512308244,2024/58772,334173,326539,-7634,Within Tolerance,USD,Partial Match,No
MTC-10134,4529847717,INV2024001018,379368,371533,-7835,Within Tolerance,USD,Exception,No
MTC-10135,4568220709,INV2024001014,325236,327542,2306,Minor Variance,GBP,Partial Match,No
MTC-10136,4533573026,2024/70155,186502,183286,-3216,Within Tolerance,GBP,Partial Match,No
MTC-10137,4536205501,P001026-2024,215354,209970,-5384,Within Tolerance,GBP,Partial Match,No
MTC-10138,4518175495,P001044-2023,483567,2403655,1920088,Major Variance,EUR,Unmatched,No
MTC-10139,4546278455,INV2023001014,49752,391699,341947,Major Variance,GBP,Unmatched,No
MTC-10140,4513812138,HAY/2023/1011,423481,420986,-2495,Within Tolerance,GBP,Partial Match,No
MTC-10141,4586103838,ENH00001057,498093,493818,-4275,Within Tolerance,EUR,Partial Match,No
MTC-10142,4569989388,SI-0001082,297565,293547,-4018,Within Tolerance,GBP,Partial Match,No
MTC-10143,4571755797,ULC/2023/1038,374763,380789,6026,Significant Variance,USD,Pending Review,No
MTC-10144,4575992324,2023-ASC-1023,411994,408821,-3173,Within Tolerance,EUR,Exception,No
MTC-10145,4573772263,DAL-2023-01044,45518,39430,-6088,Within Tolerance,GBP,Exception,No
MTC-10146,4522493209,SI-0001029,148180,149336,1156,Minor Variance,USD,Exception,Yes
MTC-10147,4527988233,TML/2023/1080,19783,12250,-7533,Within Tolerance,GBP,Exception,No
MTC-10148,4585624834,SI-0001034,445706,453175,7469,Significant Variance,GBP,Partial Match,No
MTC-10149,4510676626,2024/54941,304463,297831,-6632,Within Tolerance,GBP,Partial Match,No
MTC-10150,4553232833,P001033-2024,109438,103666,-5772,Within Tolerance,GBP,Partial Match,No
MTC-10151,4529970454,THG00001035,351660,353274,1614,Minor Variance,USD,Pending Review,No
MTC-10152,4575455497,2023-PLF-1072,179535,184626,5091,Significant Variance,GBP,Pending Review,No
MTC-10153,4591151405,2024/40312,306716,312904,6188,Significant Variance,GBP,Partial Match,No
MTC-10154,4544666429,PHX00001035,435666,161466,-274200,Within Tolerance,EUR,Unmatched,No
MTC-10155,4518743955,FST-2024-01008,430954,427820,-3134,Within Tolerance,EUR,Exception,No
MTC-10156,4564128227,2023/65015,388603,382696,-5907,Within Tolerance,GBP,Pending Review,No
MTC-10157,4522493209,SI-0001102,148180,386752,238572,Major Variance,GBP,Unmatched,No
MTC-10158,4540357142,P001050-2023,325314,329445,4131,Minor Variance,GBP,Exception,No
MTC-10159,4569989388,2023/88881,297565,309523,11958,Significant Variance,GBP,Partial Match,No
MTC-10160,4578806340,2023/45721,240602,234495,-6107,Within Tolerance,EUR,Partial Match,No
MTC-10161,4580514951,NGB/2024/1021,479164,475797,-3367,Within Tolerance,GBP,Exception,No
MTC-10162,4551352278,INV2024001089,103481,529755,426274,Major Variance,GBP,Unmatched,No
MTC-10163,4581953019,2023/17765,457770,461067,3297,Minor Variance,GBP,Partial Match,No
MTC-10164,4586438542,N4L/2023/1095,54056,57658,3602,Minor Variance,GBP,Partial Match,No
MTC-10165,4541084002,SI-0001073,383281,196007,-187274,Within Tolerance,EUR,Exception,No
MTC-10166,4524565475,NGB/2024/1027,484414,489477,5063,Significant Variance,GBP,Pending Review,No
MTC-10167,4579130404,2023-IFM-1048,127069,122395,-4674,Within Tolerance,GBP,Exception,No
MTC-10168,4590726615,SI-0001064,255882,256244,362,Within Tolerance,EUR,Matched,Yes
MTC-10169,4573772263,DAL00001063,45518,39991,-5527,Within Tolerance,GBP,Exception,No
MTC-10170,4568050002,FST00001009,263916,271222,7306,Significant Variance,EUR,Exception,No
MTC-10171,4541697369,CMT00001043,236325,240323,3998,Minor Variance,USD,Partial Match,No
MTC-10172,4597735770,SI-0001075,273940,277672,3732,Minor Variance,GBP,Partial Match,No
MTC-10173,4586047309,ENH-2023-01072,134830,129802,-5028,Within Tolerance,EUR,Partial Match,No
MTC-10174,4511966146,2023/94035,466365,460123,-6242,Within Tolerance,GBP,Partial Match,No
MTC-10175,4597735770,DAL00001087,273940,276176,2236,Minor Variance,GBP,Partial Match,No
MTC-10176,4515101477,SI-0001019,17563,16918,-645,Within Tolerance,EUR,Matched,Yes
MTC-10177,4591151405,N4L/2024/1103,306716,310232,3516,Minor Variance,GBP,Exception,No
MTC-10178,4545550848,IUK00001046,45751,187993,142242,Major Variance,GBP,Unmatched,No
MTC-10179,4530845342,BIF00001013,412388,410802,-1586,Within Tolerance,GBP,Pending Review,No
MTC-10180,4595078105,YLU-2024-01038,332271,330504,-1767,Within Tolerance,GBP,Pending Review,No
MTC-10181,4557822552,2023-DAL-1100,400644,481498,80854,Major Variance,GBP,Unmatched,No
MTC-10182,4595219410,HAY00001021,102327,94343,-7984,Within Tolerance,GBP,Partial Match,No
MTC-10183,4541697369,P001051-2023,236325,240829,4504,Minor Variance,GBP,Exception,No
MTC-10184,4533105548,ULC/2023/1046,211907,204399,-7508,Within Tolerance,USD,Pending Review,No
MTC-10185,4552915831,P001053-2023,19252,22277,3025,Minor Variance,GBP,Exception,No
MTC-10186,4568910774,SI-0001015,307323,300470,-6853,Within Tolerance,GBP,Partial Match,No
MTC-10187,4546200009,2023-PLF-1086,196548,194180,-2368,Within Tolerance,GBP,Exception,No
MTC-10188,4554763235,2024-RCS-1031,329938,324003,-5935,Within Tolerance,GBP,Tolerance Match,No
MTC-10189,4575649423,BBH/2024/1034,468654,470564,1910,Minor Variance,GBP,Partial Match,No
MTC-10190,4513504964,2023/68589,129462,123564,-5898,Within Tolerance,GBP,Exception,No
MTC-10191,4586398574,2023-YLU-1056,240328,241255,927,Minor Variance,GBP,Exception,Yes
MTC-10192,4511907184,2024/39607,111555,108707,-2848,Within Tolerance,GBP,Pending Review,No
MTC-10193,4594970749,2024-KON-1080,403275,402192,-1083,Within Tolerance,EUR,Exception,Yes
MTC-10194,4513182792,ERL-2024-01046,252498,254234,1736,Minor Variance,GBP,Partial Match,No
MTC-10195,4530790855,DAL-2023-01107,257220,257858,638,Minor Variance,GBP,Matched,Yes
MTC-10196,4575649423,2023/17421,468654,470532,1878,Minor Variance,GBP,Partial Match,No
MTC-10197,4531112159,INV2023001027,440739,438793,-1946,Within Tolerance,GBP,Partial Match,No
MTC-10198,4514556276,SI-0001027,438636,436797,-1839,Within Tolerance,GBP,Partial Match,No
MTC-10199,4562710578,SPE/2024/1058,317127,323735,6608,Significant Variance,GBP,Pending Review,No
MTC-10200,4589710708,PTL-2023-01032,346467,339907,-686374,Within Tolerance,USD,Unmatched,No
MTC-10201,4544935319,CIV-2023-01034,357023,353414,-3609,Within Tolerance,GBP,Unmatched,No
MTC-10202,4548566094,ARC/2023/1041,229318,229341,23,Within Tolerance,GBP,2-Way Match,No
MTC-10203,4579130404,INV2024001060,127069,126654,-415,Within Tolerance,GBP,Matched,Yes
MTC-10204,4546200009,SI-0001098,196548,189438,-7110,Within Tolerance,GBP,Partial Match,No
MTC-10205,4584108985,2024-CIR-1029,163748,166506,2758,Minor Variance,USD,Exception,No
MTC-10206,4596260793,P001011-2023,55359,306966,251607,Major Variance,USD,Exception,No
MTC-10207,4510063087,INV2023001075,305804,299228,-6576,Within Tolerance,EUR,Exception,No
MTC-10208,4566024494,INV2023001097,412647,409178,-3469,Within Tolerance,GBP,Partial Match,No
MTC-10209,4535999790,2024/34364,185525,184145,-1380,Within Tolerance,USD,Partial Match,Yes
MTC-10210,4574162696,2023/59276,224254,229146,4892,Minor Variance,GBP,Partial Match,No
MTC-10211,4511966146,SI-0001104,466365,460004,-6361,Within Tolerance,GBP,Partial Match,No
MTC-10212,4545550848,2024-PLF-1111,45751,48536,2785,Minor Variance,GBP,Exception,No
MTC-10213,4529558852,P001121-2023,180478,174327,-6151,Within Tolerance,GBP,Partial Match,No
MTC-10214,4581317004,SI-0001092,480454,378433,-102021,Within Tolerance,EUR,Exception,No
MTC-10215,4555454582,ERL/2023/1047,67810,62982,-4828,Within Tolerance,GBP,Partial Match,No
MTC-10216,4527566835,2023/55048,447817,450206,2389,Minor Variance,GBP,Exception,No
MTC-10217,4566024494,P001103-2024,412647,419431,6784,Significant Variance,GBP,Partial Match,No
MTC-10218,4538516658,INV2024001059,133785,128625,-5160,Within Tolerance,USD,Partial Match,No
MTC-10219,4514498117,P001013-2024,74777,78054,3277,Minor Variance,GBP,Exception,No
MTC-10220,4592869300,2024-ERL-1049,184015,191083,7068,Significant Variance,GBP,Partial Match,No
MTC-10221,4598236168,2024-ENH-1076,262596,259314,-3282,Within Tolerance,EUR,Partial Match,No
MTC-10222,4598628262,P001030-2024,340146,340073,-73,Within Tolerance,GBP,Tolerance Match,No
MTC-10223,4533105548,ULC/2023/1053,211907,213413,1506,Minor Variance,USD,Partial Match,No
MTC-10224,4548566094,ARC/2024/1043,229318,222812,-6506,Within Tolerance,GBP,Tolerance Match,No
MTC-10225,4517078676,2024/79278,52053,52042,-11,Within Tolerance,GBP,Matched,No
MTC-10226,4531112159,2024-BIF-1038,440739,444984,4245,Minor Variance,GBP,Pending Review,No
MTC-10227,4513812138,HAY-2024-01027,423481,424913,1432,Minor Variance,GBP,Exception,Yes
MTC-10228,4517373203,SI-0001046,52230,53977,1747,Minor Variance,USD,Partial Match,No
MTC-10229,4592869300,2024/86475,184015,186318,2303,Minor Variance,GBP,Exception,No
MTC-10230,4527715082,2023-THG-1047,363080,358405,-4675,Within Tolerance,USD,Partial Match,No
MTC-10231,4588890772,INV2023001063,333746,333498,-248,Within Tolerance,GBP,3-Way Match,Yes
MTC-10232,4555248603,PMS/2023/1032,231368,235591,4223,Minor Variance,EUR,Partial Match,No
MTC-10233,4531940315,SI-0001036,406110,398957,-7153,Within Tolerance,GBP,Pending Review,No
MTC-10234,4548566094,2024-ARC-1056,229318,229054,-264,Within Tolerance,GBP,Matched,Yes
MTC-10235,4575216623,SI-0001041,322747,320920,-1827,Within Tolerance,GBP,Pending Review,No
MTC-10236,4548566094,2024/46113,229318,226421,-2897,Within Tolerance,GBP,Exception,No
MTC-10237,4539496569,REN/2024/1034,351392,347638,-3754,Within Tolerance,GBP,Partial Match,No
MTC-10238,4582899551,PFM00001034,385822,387631,1809,Minor Variance,GBP,Partial Match,No
MTC-10239,4579130404,2023/70306,127069,321284,194215,Major Variance,GBP,3-Way Match,No
MTC-10240,4575455497,P001135-2024,179535,171863,-7672,Within Tolerance,GBP,Exception,No
MTC-10241,4561573152,CMT00001067,404627,399135,-5492,Within Tolerance,USD,Partial Match,No
MTC-10242,4554936997,ARC00001072,60478,58392,-2086,Within Tolerance,GBP,Partial Match,No
MTC-10243,4581317004,2023-MSL-1055,480454,478104,-2350,Within Tolerance,USD,Pending Review,No
MTC-10244,4596722746,THG/2023/1051,432598,434111,1513,Minor Variance,USD,Partial Match,No
MTC-10245,4551818673,ARC00001079,284506,283439,-1067,Within Tolerance,GBP,Partial Match,Yes
MTC-10246,4521752058,P001082-2023,54124,58735,4611,Minor Variance,EUR,Partial Match,No
MTC-10247,4514099095,INV2023001059,191976,191399,-577,Within Tolerance,GBP,3-Way Match,Yes
MTC-10248,4541084002,SI-0001057,383281,378503,-4778,Within Tolerance,USD,Pending Review,No
MTC-10249,4511449694,PLF/2024/1139,450386,443082,-7304,Within Tolerance,GBP,Partial Match,No
MTC-10250,4555248603,2024-PMS-1034,231368,230146,-1222,Within Tolerance,EUR,Exception,Yes
MTC-10251,4596260793,2023/78400,55359,71277,15918,Significant Variance,GBP,Unmatched,No
MTC-10252,4583208610,MSL-2024-01063,104281,103567,-714,Within Tolerance,USD,3-Way Match,Yes
MTC-10253,4510446073,PLF00001149,448300,380136,-68164,Within Tolerance,GBP,Exception,No
MTC-10254,4533105548,ULC-2024-01065,211907,214121,2214,Minor Variance,USD,Pending Review,No
MTC-10255,4593547481,SSE/2024/1020,492559,491079,-1480,Within Tolerance,GBP,Pending Review,Yes
MTC-10256,4550758621,2023-KON-1102,313015,319628,-632643,Within Tolerance,EUR,Unmatched,No
MTC-10257,4596260793,2024/15988,55359,75235,19876,Significant Variance,EUR,Unmatched,No
MTC-10258,4571981903,2024/78647,455866,450681,-5185,Within Tolerance,GBP,Partial Match,No
MTC-10259,4510676626,2023-N4L-1111,304463,298693,-5770,Within Tolerance,GBP,Exception,No
MTC-10260,4518907521,2023/18742,252594,253564,970,Minor Variance,GBP,Partial Match,Yes
MTC-10261,4588755284,INV2023001072,144490,192094,47604,Major Variance,GBP,Unmatched,No
MTC-10262,4541084002,2024-CHX-1065,383281,387139,3858,Minor Variance,USD,Partial Match,No
MTC-10263,4551818673,2023/40038,284506,286208,1702,Minor Variance,GBP,Pending Review,No
MTC-10264,4539555133,KAI-2024-01012,415576,415924,348,Within Tolerance,GBP,3-Way Match,Yes
MTC-10265,4593556042,2023-CHX-1070,76555,69556,-6999,Within Tolerance,USD,Exception,No
MTC-10266,4598236168,ENH/2024/1103,262596,265117,2521,Minor Variance,EUR,3-Way Match,No
MTC-10267,4529690012,IFM/2024/1078,80103,76763,-156866,Within Tolerance,GBP,Unmatched,No
MTC-10268,4549547524,MSL00001075,486608,493065,6457,Significant Variance,USD,Partial Match,No
MTC-10269,4556937333,P001048-2024,173560,167092,-6468,Within Tolerance,GBP,Exception,No
MTC-10270,4545603480,ECL-2023-01025,491371,487140,-4231,Within Tolerance,GBP,Pending Review,No
MTC-10271,4531112159,2023-BIF-1053,440739,444257,3518,Minor Variance,GBP,Partial Match,No
MTC-10272,4570130331,PMC-2023-01015,131300,129506,-1794,Within Tolerance,USD,Partial Match,No
MTC-10273,4549387711,BSS-2024-01012,262933,1326830,1063897,Major Variance,GBP,Unmatched,No
MTC-10274,4533024059,INV2023001030,242827,243538,711,Minor Variance,GBP,Matched,Yes
MTC-10275,4517053378,N4L-2024-01116,439883,1743132,1303249,Major Variance,GBP,Unmatched,No
MTC-10276,4525336431,SI-0001066,202922,201895,-1027,Within Tolerance,USD,Pending Review,Yes
MTC-10277,4587910819,TML-2024-01129,67962,60309,-7653,Within Tolerance,GBP,Pending Review,No
MTC-10278,4589710708,PTL/2023/1046,346467,354212,7745,Significant Variance,USD,Pending Review,No
MTC-10279,4573775964,P001038-2023,228970,235108,6138,Significant Variance,GBP,Partial Match,No
MTC-10280,4535093469,MSL-2023-01089,423858,428439,4581,Minor Variance,USD,Pending Review,No
MTC-10281,4550570766,2024/49428,471831,464502,-7329,Within Tolerance,GBP,Partial Match,No
MTC-10282,4546278455,TTR/2024/1019,49752,48169,-1583,Within Tolerance,GBP,Partial Match,No
MTC-10283,4516893290,NGB-2023-01055,366402,372853,6451,Significant Variance,GBP,Pending Review,No
MTC-10284,4588484525,BBH-2024-01042,324722,328942,-653664,Within Tolerance,GBP,Exception,No
MTC-10285,4578806340,2024/69406,240602,240600,-2,Within Tolerance,EUR,3-Way Match,No
MTC-10286,4583041304,PMS-2023-01043,413049,420055,7006,Significant Variance,EUR,Exception,No
MTC-10287,4544666429,PHX-2024-01043,435666,163367,-272299,Within Tolerance,USD,Unmatched,No
MTC-10288,4541084002,KON-2024-01128,383281,192399,-190882,Within Tolerance,EUR,Unmatched,No
MTC-10289,4578042382,MOG-2024-01010,313439,310262,-3177,Within Tolerance,USD,Exception,No
MTC-10290,4550533802,GWI00001113,433813,427181,-6632,Within Tolerance,GBP,Partial Match,No
MTC-10291,4564942244,2024-ERL-1064,373996,368661,-5335,Within Tolerance,GBP,Partial Match,No
MTC-10292,4539555133,2023-KAI-1018,415576,421922,6346,Significant Variance,GBP,Exception,No
MTC-10293,4566024494,TML/2023/1130,412647,418104,5457,Significant Variance,GBP,Exception,No
MTC-10294,4586398574,YLU-2023-01062,240328,246518,6190,Significant Variance,USD,Pending Review,No
MTC-10295,4572721657,INV2024001078,374610,381043,6433,Significant Variance,GBP,Partial Match,No
MTC-10296,4564128227,SI-0001116,388603,390795,2192,Minor Variance,GBP,Partial Match,No
MTC-10297,4554763235,RCS-2024-01044,329938,332505,2567,Minor Variance,GBP,Exception,No
MTC-10298,4561720130,DAL00001110,8987,59857,50870,Major Variance,GBP,Unmatched,No
MTC-10299,4533573026,KNX/2023/1058,186502,183109,-3393,Within Tolerance,GBP,Exception,No
MTC-10300,4525147213,INV2024001038,95864,95924,60,Within Tolerance,GBP,3-Way Match,No
MTC-10301,4593078124,P001051-2023,447180,444224,-2956,Within Tolerance,GBP,Pending Review,No
MTC-10302,4552915831,INV2023001068,19252,13254,-5998,Within Tolerance,GBP,Exception,No
MTC-10303,4526960158,P001045-2023,297221,294479,-2742,Within Tolerance,GBP,Pending Review,No
MTC-10304,4539555133,KAI-2024-01025,415576,423398,7822,Significant Variance,GBP,Partial Match,No
MTC-10305,4523786846,P001079-2024,442866,436236,-6630,Within Tolerance,GBP,Partial Match,No
MTC-10306,4588890772,INV2023001081,333746,333923,177,Within Tolerance,GBP,Matched,No
MTC-10307,4590443585,SI-0001012,104432,109354,-213786,Within Tolerance,GBP,Unmatched,No
MTC-10308,4564942244,ERL00001093,373996,381652,7656,Significant Variance,EUR,Exception,No
MTC-10309,4575464991,SFT/2024/1021,336490,332319,-4171,Within Tolerance,GBP,Pending Review,No
MTC-10310,4574162696,P001042-2024,224254,218184,-6070,Within Tolerance,GBP,Partial Match,No
MTC-10311,4560736703,DAL/2023/1123,480802,483578,2776,Minor Variance,GBP,Exception,No
MTC-10312,4547565849,CWG00001008,238302,242127,3825,Minor Variance,GBP,Partial Match,No
MTC-10313,4566879498,IUK00001084,94583,95371,-189954,Within Tolerance,GBP,Unmatched,No
MTC-10314,4598628262,PFM-2023-01050,340146,347218,7072,Significant Variance,GBP,Partial Match,No
MTC-10315,4596260793,INV2023001020,55359,298496,243137,Major Variance,USD,Unmatched,No
MTC-10316,4516925857,ARC00001092,248772,253758,4986,Minor Variance,GBP,Partial Match,No
MTC-10317,4566024494,2023/14554,412647,413968,1321,Minor Variance,GBP,Partial Match,Yes
MTC-10318,4586103838,ENH-2024-01109,498093,502071,3978,Minor Variance,EUR,Pending Review,No
MTC-10319,4527566835,SI-0001066,447817,148199,-299618,Within Tolerance,GBP,Unmatched,No
MTC-10320,4590164644,INV2024001026,208950,211159,2209,Minor Variance,GBP,3-Way Match,No
MTC-10321,4544935319,INV2024001044,357023,362060,5037,Significant Variance,GBP,Partial Match,No
MTC-10322,4575055325,SI-0001002,474265,478583,4318,Minor Variance,USD,Partial Match,No
MTC-10323,4514099095,2023/97099,191976,189850,-2126,Within Tolerance,GBP,Pending Review,No
MTC-10324,4598236168,ENH-2023-01123,262596,264582,1986,Minor Variance,EUR,Partial Match,No
MTC-10325,4551352278,SI-0001157,103481,105870,2389,Minor Variance,USD,Partial Match,No
MTC-10326,4550570766,ANS-2023-01013,471831,464458,-7373,Within Tolerance,GBP,Exception,No
MTC-10327,4557312063,SI-0001137,199380,1006545,807165,Major Variance,EUR,Unmatched,No
MTC-10328,4541084002,CHX/2023/1073,383281,384112,831,Minor Variance,USD,Pending Review,Yes
MTC-10329,4510446073,SI-0001150,448300,452657,4357,Minor Variance,GBP,Partial Match,No
MTC-10330,4552915831,2023-HYD-1010,19252,417532,398280,Major Variance,GBP,Unmatched,No
MTC-10331,4535093469,MSL00001096,423858,421311,-2547,Within Tolerance,USD,Partial Match,No
MTC-10332,4556937333,NGB00001073,173560,165572,-7988,Within Tolerance,GBP,3-Way Match,No
MTC-10333,4561838112,2023/65878,300024,299529,-495,Within Tolerance,GBP,Tolerance Match,Yes
MTC-10334,4526708600,CHX00001074,464641,465187,546,Minor Variance,USD,Matched,Yes
MTC-10335,4556037062,2023-SPE-1062,147137,154403,7266,Significant Variance,GBP,Partial Match,No
MTC-10336,4558751739,2024-ASC-1049,282272,285083,2811,Minor Variance,USD,Pending Review,No
MTC-10337,4526708600,2023-CHX-1079,464641,467954,3313,Minor Variance,USD,Exception,No
MTC-10338,4516893290,NGB-2023-01078,366402,372805,6403,Significant Variance,GBP,Partial Match,No
MTC-10339,4560736703,2023-DAL-1124,480802,474102,-6700,Within Tolerance,GBP,Pending Review,No
MTC-10340,4564128227,2024/10960,388603,393996,5393,Significant Variance,GBP,Exception,No
MTC-10341,4596978045,P001134-2024,9772,16652,6880,Significant Variance,GBP,Partial Match,No
MTC-10342,4545550848,MSL00001109,45751,39868,-5883,Within Tolerance,USD,Partial Match,No
MTC-10343,4561838112,SI-0001024,300024,298584,-1440,Within Tolerance,GBP,Partial Match,Yes
MTC-10344,4582899551,P001060-2023,385822,382282,-3540,Within Tolerance,GBP,Partial Match,No
MTC-10345,4563802338,2024-ULC-1071,364016,360126,-3890,Within Tolerance,USD,2-Way Match,No
MTC-10346,4591226383,N4L-2024-01124,88523,88216,-307,Within Tolerance,GBP,Matched,Yes
MTC-10347,4567273771,BIF/2023/1064,312612,311015,-1597,Within Tolerance,GBP,Exception,No
MTC-10348,4543536066,2024-SSE-1040,55238,60343,5105,Significant Variance,GBP,Partial Match,No
MTC-10349,4533573026,KNX-2023-01068,186502,180482,-6020,Within Tolerance,GBP,Exception,No
MTC-10350,4597546157,P001071-2023,24050,17197,-6853,Within Tolerance,USD,Exception,No
MTC-10351,4555540487,SI-0001043,308926,301688,-7238,Within Tolerance,GBP,Exception,No
MTC-10352,4597449560,PMS-2024-01054,303987,305772,1785,Minor Variance,EUR,Exception,No
MTC-10353,4543970581,PLF00001160,487122,488073,951,Minor Variance,GBP,Pending Review,Yes
MTC-10354,4574162696,SI-0001050,224254,225447,1193,Minor Variance,GBP,Partial Match,Yes
MTC-10355,4531940315,CIV-2023-01048,406110,405163,-947,Within Tolerance,GBP,Pending Review,Yes
MTC-10356,4594970749,KON00001130,403275,404634,1359,Minor Variance,EUR,Partial Match,Yes
MTC-10357,4590726615,ENH00001143,255882,263163,-519045,Within Tolerance,EUR,Unmatched,No
MTC-10358,4543275191,INV2024001014,285543,289697,4154,Minor Variance,GBP,Partial Match,No
MTC-10359,4592425970,CIR00001036,429584,423763,-5821,Within Tolerance,USD,Exception,No
MTC-10360,4545603480,P001026-2024,491371,484996,-6375,Within Tolerance,GBP,Pending Review,No
MTC-10361,4531940315,CIV00001049,406110,401382,-4728,Within Tolerance,GBP,Pending Review,No
MTC-10362,4573224131,SI-0001073,397815,394368,-3447,Within Tolerance,GBP,Matched,No
MTC-10363,4590141088,INV2023001104,407955,410828,2873,Minor Variance,GBP,Pending Review,No
MTC-10364,4542527417,2024-IFM-1087,296408,81912,-214496,Within Tolerance,GBP,Exception,No
MTC-10365,4563802338,INV2024001084,364016,366920,2904,Minor Variance,USD,Partial Match,No
MTC-10366,4556037062,2024-SPE-1071,147137,150095,2958,Minor Variance,GBP,Exception,No
MTC-10367,4525336431,SI-0001092,202922,198034,-4888,Within Tolerance,USD,Pending Review,No
MTC-10368,4514924325,INV2024001081,145967,144408,-1559,Within Tolerance,GBP,Partial Match,No
MTC-10369,4572000995,BIF/2024/1079,243146,240492,-2654,Within Tolerance,GBP,Partial Match,No
MTC-10370,4578426503,PHX-2024-01049,62204,302315,240111,Major Variance,EUR,Exception,No
MTC-10371,4527715082,2024/83592,363080,363017,-63,Within Tolerance,USD,Matched,No
MTC-10372,4592869300,ERL/2023/1107,184015,179151,-4864,Within Tolerance,GBP,Pending Review,No
MTC-10373,4514113681,INV2024001047,87907,92238,4331,Minor Variance,GBP,Partial Match,No
MTC-10374,4553410271,2023-HAY-1037,312170,320152,7982,Significant Variance,GBP,Partial Match,No
MTC-10375,4590642050,INV2024001049,413353,419643,6290,Significant Variance,GBP,Exception,No
MTC-10376,4558151831,P001059-2023,309892,304446,-5446,Within Tolerance,USD,Exception,No
MTC-10377,4592951734,IUK00001105,338230,344505,6275,Significant Variance,GBP,Partial Match,No
MTC-10378,4591151405,N4L/2024/1125,306716,310135,3419,Minor Variance,GBP,Exception,No
MTC-10379,4571755797,SI-0001096,374763,371723,-3040,Within Tolerance,USD,Partial Match,No
MTC-10380,4546278455,SI-0001028,49752,44284,-5468,Within Tolerance,GBP,Partial Match,No
MTC-10381,4540357142,SI-0001145,325314,964119,638805,Major Variance,GBP,Exception,No
MTC-10382,4520984012,HAY00001048,75064,77758,2694,Minor Variance,GBP,Partial Match,No
MTC-10383,4533024059,2023/78770,242827,249513,6686,Significant Variance,GBP,Partial Match,No
MTC-10384,4597735770,DAL-2023-01148,273940,273666,-274,Within Tolerance,EUR,2-Way Match,Yes
MTC-10385,4586025947,YLU-2024-01075,9113,6742,-2371,Within Tolerance,GBP,Exception,No
MTC-10386,4595078105,YLU/2023/1076,332271,326400,-5871,Within Tolerance,GBP,Exception,No
MTC-10387,4591296243,CIV00001057,331584,328931,-2653,Within Tolerance,GBP,Exception,No
MTC-10388,4569989388,SI-0001123,297565,299332,1767,Minor Variance,GBP,Partial Match,No
MTC-10389,4554863973,2024/40976,28945,35234,6289,Significant Variance,EUR,Exception,No
MTC-10390,4516893290,2024/23903,366402,371515,5113,Significant Variance,GBP,Exception,No
MTC-10391,4518907521,INV2023001136,252594,254845,2251,Minor Variance,EUR,Partial Match,No
MTC-10392,4584108985,SI-0001049,163748,167341,3593,Minor Variance,USD,Partial Match,No
MTC-10393,4591151405,N4L-2024-01134,306716,298904,-7812,Within Tolerance,GBP,Exception,No
MTC-10394,4517053378,N4L-2023-01149,439883,447277,7394,Significant Variance,GBP,Exception,No
MTC-10395,4576658519,2024/48045,222093,215140,-6953,Within Tolerance,USD,Exception,No
MTC-10396,4533024059,P001063-2024,242827,247791,4964,Minor Variance,EUR,Partial Match,No
MTC-10397,4595771152,CHX00001086,423979,430499,6520,Significant Variance,EUR,Partial Match,No
MTC-10398,4515101477,2023/35093,17563,22156,4593,Minor Variance,EUR,Pending Review,No
MTC-10399,4580514951,SI-0001093,479164,473816,-5348,Within Tolerance,GBP,Exception,No
MTC-10400,4586213372,2023/55496,145370,141231,-4139,Within Tolerance,GBP,Partial Match,No
MTC-10401,4554936997,2023/94446,60478,58911,-1567,Within Tolerance,GBP,Partial Match,No
MTC-10402,4560612668,IUK-2024-01115,183247,178071,-5176,Within Tolerance,GBP,Exception,No
MTC-10403,4548612579,2024-BIF-1091,378544,372854,-5690,Within Tolerance,GBP,Partial Match,No
MTC-10404,4592730859,P001019-2024,263034,1837339,1574305,Major Variance,GBP,Unmatched,No
MTC-10405,4511449694,SI-0001168,450386,452859,2473,Minor Variance,GBP,Pending Review,No
MTC-10406,4550549460,SI-0001018,402561,395448,-7113,Within Tolerance,EUR,Partial Match,No
MTC-10407,4598236168,P001151-2024,262596,259589,-3007,Within Tolerance,EUR,Partial Match,No
MTC-10408,4558751739,KNX-2024-01074,282272,45728,-236544,Within Tolerance,GBP,Unmatched,No
MTC-10409,4549779020,P001010-2024,326050,321381,-4669,Within Tolerance,GBP,Partial Match,No
MTC-10410,4511424393,INV2024001171,402487,396280,-6207,Within Tolerance,GBP,Pending Review,No
MTC-10411,4513812138,SI-0001061,423481,429904,6423,Significant Variance,GBP,Pending Review,No
MTC-10412,4559305311,ENH-2024-01154,260566,256461,-4105,Within Tolerance,EUR,Pending Review,No
MTC-10413,4575464991,SI-0001031,336490,335762,-728,Within Tolerance,GBP,Tolerance Match,Yes
MTC-10414,4514924325,INV2023001102,145967,147241,1274,Minor Variance,GBP,Pending Review,Yes
MTC-10415,4586438542,INV2023001153,54056,53620,-436,Within Tolerance,GBP,2-Way Match,Yes
MTC-10416,4537774661,2024/25581,342562,346213,3651,Minor Variance,GBP,Partial Match,No
MTC-10417,4575455497,P001103-2023,179535,482011,302476,Major Variance,GBP,Unmatched,No
MTC-10418,4544666429,PHX/2023/1058,435666,171956,-263710,Within Tolerance,EUR,Unmatched,No
MTC-10419,4556055382,CWG00001011,202872,202923,51,Within Tolerance,GBP,Matched,No
MTC-10420,4573011095,KON/2023/1143,57224,58426,1202,Minor Variance,EUR,Partial Match,Yes
MTC-10421,4596978045,2023-DAL-1172,9772,9379,-393,Within Tolerance,GBP,2-Way Match,Yes
MTC-10422,4550700353,INV2023001074,482622,479193,-3429,Within Tolerance,USD,Exception,No
MTC-10423,4578806340,KON00001153,240602,212186,-28416,Within Tolerance,EUR,Unmatched,No
MTC-10424,4522493209,INV2023001078,148180,142346,-5834,Within Tolerance,USD,Pending Review,No
MTC-10425,4595511809,CIV/2023/1070,239037,235214,-3823,Within Tolerance,GBP,Partial Match,No
MTC-10426,4595219410,HAY-2023-01073,102327,108067,5740,Significant Variance,GBP,Partial Match,No
MTC-10427,4578426503,NGB/2024/1116,62204,57674,-4530,Within Tolerance,GBP,Pending Review,No
MTC-10428,4590443585,2024-TTN-1039,104432,106043,1611,Minor Variance,GBP,Exception,No
MTC-10429,4586398574,P001077-2023,240328,235372,-4956,Within Tolerance,GBP,Partial Match,No
MTC-10430,4531940315,2023-CIV-1077,406110,2807308,2401198,Major Variance,GBP,Unmatched,No
MTC-10431,4510446073,SI-0001182,448300,453294,4994,Minor Variance,GBP,Partial Match,No
MTC-10432,4529847717,CIR00001054,379368,382463,3095,Minor Variance,USD,Partial Match,No
MTC-10433,4585038888,2023-ASC-1065,116287,111377,-4910,Within Tolerance,GBP,Pending Review,No
MTC-10434,4566566316,P001048-2024,47065,47802,737,Minor Variance,GBP,3-Way Match,Yes
MTC-10435,4535093469,2023-MSL-1123,423858,428123,4265,Minor Variance,USD,Partial Match,No
MTC-10436,4548521334,PFM00001076,459071,462958,-922029,Within Tolerance,GBP,Unmatched,No
MTC-10437,4526960158,SI-0001084,297221,292267,-4954,Within Tolerance,GBP,Exception,No
MTC-10438,4522573825,TML00001178,75659,83224,7565,Significant Variance,GBP,Pending Review,No
MTC-10439,4550549460,2024/82719,402561,407851,5290,Significant Variance,EUR,Partial Match,No
MTC-10440,4586826109,2024/86858,315620,323423,7803,Significant Variance,GBP,Exception,No
MTC-10441,4549863203,2024/35077,439004,440414,1410,Minor Variance,USD,Partial Match,Yes
MTC-10442,4589710708,INV2024001082,346467,346577,110,Within Tolerance,USD,3-Way Match,No
MTC-10443,4533105548,2023/25316,211907,219090,7183,Significant Variance,USD,Matched,No
MTC-10444,4530790855,2024/63284,257220,255774,-1446,Within Tolerance,GBP,Partial Match,Yes
MTC-10445,4564367814,KNX/2023/1089,488968,483691,-5277,Within Tolerance,GBP,Exception,No
MTC-10446,4582903416,2023-ERL-1120,393178,394137,959,Minor Variance,GBP,Partial Match,Yes
MTC-10447,4528200100,P001106-2023,478545,245618,-232927,Within Tolerance,GBP,Unmatched,No
MTC-10448,4519746781,IUK/2024/1129,298806,302953,4147,Minor Variance,GBP,Partial Match,No
MTC-10449,4552915831,SI-0001085,19252,23722,4470,Minor Variance,GBP,Partial Match,No
MTC-10450,4518743955,FST/2023/1047,430954,435817,4863,Minor Variance,EUR,Exception,No
MTC-10451,4571755797,INV2024001105,374763,371592,-3171,Within Tolerance,USD,Exception,No
MTC-10452,4572000995,SI-0001113,243146,236641,-6505,Within Tolerance,GBP,Partial Match,No
MTC-10453,4578022221,INV2023001159,14089,20852,6763,Significant Variance,EUR,Pending Review,No
MTC-10454,4564942244,INV2024001125,373996,370808,-3188,Within Tolerance,GBP,Pending Review,No
MTC-10455,4557822552,PTL/2024/1085,400644,404744,4100,Minor Variance,USD,Partial Match,No
MTC-10456,4538516658,CMT-2024-01084,133785,140999,7214,Significant Variance,USD,Partial Match,No
MTC-10457,4549702930,P001080-2024,78775,86298,7523,Significant Variance,GBP,Partial Match,No
MTC-10458,4536205501,INV2024001110,215354,210563,-4791,Within Tolerance,GBP,Pending Review,No
MTC-10459,4518907521,2024-GWI-1143,252594,246579,-6015,Within Tolerance,GBP,Partial Match,No
MTC-10460,4570244441,P001050-2023,336044,331972,-4072,Within Tolerance,GBP,Partial Match,No
MTC-10461,4581317004,2024-KON-1155,480454,375382,-105072,Within Tolerance,EUR,Unmatched,No
MTC-10462,4562271773,P001067-2023,338757,339738,981,Minor Variance,USD,Partial Match,Yes
MTC-10463,4534888404,2023-PHX-1061,53253,53301,48,Within Tolerance,EUR,2-Way Match,No
MTC-10464,4533105548,SI-0001106,211907,206453,-5454,Within Tolerance,USD,Partial Match,No
MTC-10465,4529847717,CIR00001070,379368,383352,3984,Minor Variance,USD,Exception,No
MTC-10466,4592477969,SI-0001187,141490,137258,-4232,Within Tolerance,GBP,Unmatched,No
MTC-10467,4514099095,IUK00001139,191976,186993,-4983,Within Tolerance,GBP,Exception,No
MTC-10468,4545923997,P001075-2024,460017,460360,343,Within Tolerance,USD,Tolerance Match,Yes
MTC-10469,4518378797,INV2023001041,216369,1543836,1327467,Major Variance,GBP,Exception,No
MTC-10470,4583041304,P001097-2023,413049,134778,-278271,Within Tolerance,GBP,Unmatched,No
MTC-10471,4519746781,P001149-2024,298806,295117,-3689,Within Tolerance,GBP,Pending Review,No
MTC-10472,4559305311,INV2023001160,260566,261086,520,Minor Variance,EUR,3-Way Match,Yes
MTC-10473,4528200100,INV2023001164,478545,478662,117,Within Tolerance,GBP,Matched,No
MTC-10474,4535093469,MSL/2023/1134,423858,427239,3381,Minor Variance,USD,Exception,No
MTC-10475,4592477969,2023-DAL-1202,141490,144043,2553,Minor Variance,GBP,Exception,No
MTC-10476,4590642050,2023/35040,413353,415628,2275,Minor Variance,GBP,Exception,No
MTC-10477,4545923997,SI-0001088,460017,455226,-4791,Within Tolerance,USD,2-Way Match,No
MTC-10478,4576509626,PLF00001191,237485,233467,-4018,Within Tolerance,GBP,Partial Match,No
MTC-10479,4510446073,PLF/2024/1203,448300,454018,5718,Significant Variance,GBP,Pending Review,No
MTC-10480,4558151831,PTL00001096,309892,302319,-7573,Within Tolerance,USD,Exception,No
MTC-10481,4558151831,INV2023001104,309892,307246,-2646,Within Tolerance,USD,Exception,No
MTC-10482,4573772263,DAL-2023-01211,45518,46518,-92036,Within Tolerance,GBP,Unmatched,No
MTC-10483,4555248603,INV2024001065,231368,235874,4506,Minor Variance,EUR,Exception,No
MTC-10484,4593547481,2024/39146,492559,487829,-4730,Within Tolerance,GBP,Pending Review,No
MTC-10485,4593141359,P001075-2024,106713,104152,-2561,Within Tolerance,USD,Matched,No
MTC-10486,4519088643,CIV-2023-01091,212395,347134,134739,Major Variance,GBP,Unmatched,No
MTC-10487,4580118649,2023/51995,211686,215216,3530,Minor Variance,GBP,Partial Match,No
MTC-10488,4575992324,P001066-2023,411994,412750,756,Minor Variance,GBP,Pending Review,Yes
MTC-10489,4592951734,2023-IUK-1172,338230,334117,-4113,Within Tolerance,GBP,Pending Review,No
MTC-10490,4585038888,SI-0001077,116287,116125,-162,Within Tolerance,GBP,Tolerance Match,No
MTC-10491,4557312063,2024-ENH-1172,199380,199159,-221,Within Tolerance,EUR,2-Way Match,Yes
MTC-10492,4527415243,KAI00001026,114134,107772,-6362,Within Tolerance,GBP,Pending Review,No
MTC-10493,4515400671,PHX-2023-01065,15740,12969,-2771,Within Tolerance,EUR,Partial Match,No
MTC-10494,4580118649,GWI-2023-01024,211686,216404,4718,Minor Variance,GBP,Partial Match,No
MTC-10495,4597735770,SI-0001075,273940,277672,3732,Minor Variance,GBP,Exception,No
MTC-10496,4523034714,P001009-2023,119192,119186,-6,Within Tolerance,GBP,3-Way Match,No
MTC-10497,4527566835,2023/55048,447817,450206,2389,Minor Variance,GBP,Partial Match,No
MTC-10498,4572721657,INV2024001078,374610,381043,6433,Significant Variance,GBP,Partial Match,No
MTC-10499,4522493209,INV2024001021,148180,148207,27,Within Tolerance,USD,3-Way Match,No
MTC-10500,4527715082,2024/83592,363080,363017,-63,Within Tolerance,USD,Tolerance Match,No
