invoice_number,vendor_id,po_number,invoice_date,vat_amount,due_date,invoice_amount,outliers,currency,status,invoice_type,department
REN-2023-01004,1000043125,4539496569,26-03-2023,70240.4,25-05-2023,351202,Normal,GBP,Part Paid,Capital Expenditure,HR & Admin
CMT00001006,2000093507,4561573152,09-09-2024,0,24-09-2024,404988,Normal,USD,Paid,Subscription,R&D
2024/53439,1000053134,4577178167,13-02-2025,192703.2,15-03-2025,963516,Normal,GBP,Paid,Capital Expenditure,Procurement
TML00001011,1000096466,4551352278,22-12-2024,21739.6,05-02-2025,108698,Normal,GBP,Overdue,Utilities,Smart Infrastructure
P001015-2023,1000035815,No PO,29-06-2024,22647,28-08-2024,113235,Normal,GBP,Overdue,Professional Services,Finance
INV2023001015,1000053134,4577178167,13-02-2025,33359.4,15-03-2025,166797,Normal,GBP,Paid,Software Licence,Procurement
MSL-2024-01015,2000025351,4512308244,11-09-2023,0,11-10-2023,1674365,Normal,USD,Processing,Software Licence,Automation
2024-PLF-1028,1000035815,4581953019,18-10-2024,92827.4,17-12-2024,464137,Normal,GBP,Cancelled,Software Licence,R&D
P001032-2023,1000035815,4543970581,23-10-2023,95982.8,22-12-2023,479914,Normal,GBP,Pending,Consultancy,R&D
P001006-2023,1000031235,4524565475,09-03-2023,95440.2,24-03-2023,477201,Normal,GBP,Hold,Consultancy,Quality Assurance
P001009-2023,1000087316,4523034714,03-04-2024,23837.2,02-07-2024,119186,Normal,GBP,Cancelled,Tooling,Smart Infrastructure
P001004-2024,1000078188,4515400671,30-10-2024,2995.16,29-11-2024,15764,Normal,EUR,Paid,Spares & Components,Healthcare
IUK00001017,1000087316,4563816918,17-07-2024,68272.8,15-10-2024,341364,Normal,GBP,Paid,Utilities,Automation
DAL-2024-01013,1000064520,4573772263,27-07-2023,7905.8,26-08-2023,39529,Normal,GBP,Paid,Capital Expenditure,Digital Industries
ENH-2023-01011,1000060552,4598236168,07-03-2025,49241.73,06-04-2025,259167,Normal,EUR,Paid,Spares & Components,Healthcare
SI-0001013,2000083288,4557822552,19-11-2024,0,19-12-2024,399838,Normal,USD,Paid,Software Licence,IT Operations
2024/55280,1000035815,4510446073,26-10-2023,89320,25-12-2023,446600,Normal,GBP,On Hold,Software Licence,Smart Infrastructure
CHX00001013,2000043692,4541084002,31-07-2023,0,15-08-2023,378757,Normal,USD,In Review,Subscription,Digital Industries
PLF/2024/1046,1000035815,4511449694,04-12-2023,89332.8,02-02-2024,446664,Normal,GBP,Pending,Preventive Maintenance,Smart Infrastructure
APT/2024/1008,2000071726,4523591749,18-04-2023,0,02-06-2023,372943,Normal,USD,Paid,Tooling,Smart Infrastructure
ULC/2024/1010,2000067442,4571755797,02-09-2023,0,02-10-2023,382012,Normal,USD,Pending,Industrial Equipment,Automation
SSE-2024-01012,1000033983,4527850612,06-04-2024,67753.8,07-05-2024,338769,Normal,GBP,Paid,Industrial Equipment,Quality Assurance
2023-CIV-1002,1000096033,4531940315,05-12-2024,81658.4,03-02-2025,408292,Normal,GBP,Overdue,Freight & Logistics,HR & Admin
2023/40485,1000056979,4566987415,27-11-2024,23709.6,25-02-2025,118548,Normal,GBP,Pending,Preventive Maintenance,Technical Services
MOG/2023/1009,2000051280,4578042382,09-02-2024,60796.2,04-09-2024,319980,Normal,EUR,Paid,Annual Maintenance Contract,Automation
2023-ULC-1017,2000067442,4533105548,08-05-2024,0,07-06-2024,209815,Normal,USD,Paid,Professional Services,Digital Industries
2023-KON-1006,1000031867,4538474205,14-07-2024,26507.28,12-09-2024,139512,Normal,EUR,Paid,Professional Services,Finance
N4L00001002,1000029627,4591226383,10-08-2024,18702.8,25-08-2024,93514,Normal,GBP,Processing,Preventive Maintenance,Healthcare
2023-KON-1015,1000031867,4578806340,16-05-2023,41856.43,15-07-2023,220297,Normal,EUR,Processing,Utilities,Healthcare
GWI-2023-01024,1000053134,4580118649,02-06-2023,43280.8,02-07-2023,216404,Normal,GBP,Paid,Preventive Maintenance,Quality Assurance
INV2024001054,1000035815,4510446073,22-09-2023,89236.4,22-10-2023,446182,Normal,GBP,Hold,Capital Expenditure,Digital Industries
BBH00001011,1000068330,4588484525,23-06-2023,66280,08-07-2023,331400,Normal,GBP,Cancelled,Professional Services,R&D
2024-SPE-1015,1000082868,4556037062,28-02-2024,28421,13-04-2024,142105,Normal,GBP,Paid,Freight & Logistics,Healthcare
REN-2024-01011,1000043125,4511907184,22-01-2024,21382.2,22-03-2024,106911,Normal,GBP,Disputed,Preventive Maintenance,Healthcare
PMS00001001,1000021602,4515101477,03-04-2025,3233.8,18-04-2025,17020,Normal,EUR,On Hold,Spares & Components,Automation
2023-CIV-1010,1000096033,4531940315,12-12-2024,82175.4,10-02-2025,410877,Normal,GBP,Paid,Industrial Equipment,R&D
INV2024001022,1000096466,4551352278,21-11-2024,20600.2,05-01-2025,103001,Normal,GBP,In Review,Freight & Logistics,Digital Industries
P001028-2024,1000078188,4578426503,18-10-2023,55301.78,17-11-2023,291062,Normal,EUR,Processing,Spares & Components,Energy Management
2023-KNX-1003,1000011404,4596260793,13-05-2023,10676,12-06-2023,53380,Normal,GBP,In Review,Consultancy,Digital Industries
TML-2023-01030,1000096466,4511424393,04-11-2023,79701.2,19-12-2023,398506,Normal,GBP,Pending,Annual Maintenance Contract,Healthcare
TTN/2023/1001,1000085764,No PO,09-04-2025,41668.2,08-06-2025,208341,Normal,GBP,Pending,Annual Maintenance Contract,Smart Infrastructure
2023/50745,1000099061,4570244441,17-05-2024,66362.2,16-07-2024,331811,Normal,GBP,Pending,Industrial Equipment,HR & Admin
P001014-2024,1000029627,4511966146,07-04-2024,93220.6,22-04-2024,466103,Normal,GBP,Hold,Capital Expenditure,Procurement
CHX/2023/1017,2000043692,4595771152,28-01-2024,0,12-02-2024,2945159,Review Required,USD,Cancelled,Subscription,Automation
ENH/2023/1016,1000060552,No PO,25-12-2024,25520.42,24-01-2025,134318,Normal,EUR,Paid,Professional Services,Healthcare
2023-ASC-1012,1000095845,4575992324,19-09-2024,82938.2,19-10-2024,414691,Normal,GBP,Paid,Annual Maintenance Contract,IT Operations
PLF/2023/1057,1000035815,4552800125,26-12-2023,30629.8,24-02-2024,153149,Normal,GBP,Paid,Consultancy,HR & Admin
P001001-2024,2000040186,4549863203,25-11-2023,0,09-01-2024,431886,Normal,USD,Cancelled,Professional Services,Automation
ENH-2024-01027,1000060552,4586103838,26-01-2024,95152,25-02-2024,500800,Normal,EUR,On Hold,Software Licence,Quality Assurance
SI-0001014,2000033981,4593141359,25-12-2024,0,08-02-2025,99367,Normal,USD,Paid,Freight & Logistics,Procurement
CIV00001011,1000096033,4531940315,24-11-2024,79809,23-01-2025,399045,Normal,GBP,Pending,Utilities,Finance
2023/44980,1000029627,4554863973,09-08-2024,6652.2,24-08-2024,33261,Normal,GBP,Overdue,Tooling,Quality Assurance
SI-0001025,1000064520,4586177641,05-02-2024,23295.4,06-03-2024,116477,Normal,GBP,On Hold,Utilities,Quality Assurance
INV2024001012,1000069628,4588890772,14-10-2024,65426,12-01-2025,327130,Normal,GBP,Paid,Consultancy,Technical Services
2024/94356,1000060552,4518175495,15-06-2024,93124.32,15-07-2024,490128,Normal,EUR,On Hold,Professional Services,IT Operations
GWI/2024/1038,1000053134,4518907521,19-10-2023,50506.4,18-11-2023,252532,Normal,GBP,Paid,Freight & Logistics,HR & Admin
P001012-2024,1000022345,4551818673,29-12-2024,56098.2,13-01-2025,280491,Normal,GBP,Hold,Capital Expenditure,Finance
PFM-2023-01025,1000014278,4526960158,13-10-2024,60847.4,11-01-2025,304237,Normal,GBP,In Review,Software Licence,Procurement
P001004-2023,1000021602,4515101477,03-04-2025,3447.36,18-04-2025,18144,Normal,EUR,Hold,Industrial Equipment,Energy Management
SPE00001025,1000082868,4594528547,26-07-2023,10214.4,09-09-2023,51072,Normal,GBP,Disputed,Preventive Maintenance,Smart Infrastructure
N4L/2023/1041,1000029627,4517053378,01-08-2023,88803,16-08-2023,444015,Normal,GBP,Processing,Professional Services,Energy Management
SI-0001052,1000053134,4566824735,14-05-2024,73990.8,13-06-2024,369954,Normal,GBP,Cancelled,Consultancy,IT Operations
INV2023001028,2000025351,4583208610,05-03-2023,0,04-04-2023,98088,Normal,USD,Paid,Consultancy,Smart Infrastructure
CIV-2024-01013,1000096033,4549702930,10-08-2024,14781.2,09-10-2024,73906,Normal,GBP,Overdue,Freight & Logistics,Healthcare
2024/33963,1000082868,4537068753,22-03-2024,68442.4,06-05-2024,342212,Normal,GBP,Pending,Utilities,Energy Management
HAY/2023/1001,1000085102,4595219410,25-12-2023,21524.2,24-01-2024,107621,Normal,GBP,Processing,Industrial Equipment,Finance
FGD-2023-01006,1000056920,4564993950,25-01-2024,25122.4,10-03-2024,125612,Normal,GBP,Processing,Industrial Equipment,IT Operations
2024/33913,1000031867,4541213224,22-05-2023,59728.4,21-07-2023,314360,Normal,EUR,Overdue,Software Licence,R&D
CMT-2023-01009,2000093507,4541697369,09-08-2024,0,24-08-2024,239153,Normal,USD,Disputed,Subscription,IT Operations
2023-RCS-1030,1000099061,4566566316,02-09-2023,8842.2,01-11-2023,44211,Normal,GBP,Paid,Tooling,Healthcare
INV2024001038,1000096466,4511424393,14-11-2023,81566.8,29-12-2023,407834,Normal,GBP,Hold,Freight & Logistics,R&D
INV2024001013,1000023599,4547670428,04-05-2024,43486.8,20-04-2024,217434,Normal,GBP,Paid,Professional Services,Procurement
2023-THG-1028,2000033981,4527715082,17-08-2023,0,01-10-2023,356943,Normal,USD,Part Paid,Software Licence,Energy Management
BIF00001009,1000056979,4572000995,04-05-2024,49642.4,02-08-2024,248212,Normal,GBP,Overdue,Freight & Logistics,Smart Infrastructure
PLF/2023/1064,1000035815,4576509626,16-02-2023,46971.8,17-04-2023,234859,Normal,GBP,Cancelled,Utilities,Technical Services
2023/72332,2000025351,4517373203,22-02-2024,0,23-03-2024,45454,Normal,USD,Paid,Annual Maintenance Contract,R&D
SI-0001016,1000011404,4569880196,03-06-2024,83227,01-09-2024,416135,Normal,GBP,Paid,Annual Maintenance Contract,Finance
2024/83602,1000033983,4584781739,13-05-2025,93346,11-08-2025,466730,Normal,GBP,On Hold,Capital Expenditure,Finance
INV2024001021,2000093507,4522493209,03-08-2023,0,18-08-2023,148207,Normal,USD,Disputed,Annual Maintenance Contract,Energy Management
2023-YLU-1007,1000048518,4552915831,09-10-2023,5145.4,08-11-2023,25727,Normal,GBP,Overdue,Preventive Maintenance,Digital Industries
SI-0001030,1000011404,4586826109,24-03-2023,62072.2,22-06-2023,310361,Normal,GBP,Overdue,Subscription,Digital Industries
P001018-2024,1000043125,4539496569,11-04-2023,69695.8,11-05-2023,348479,Normal,GBP,Hold,Freight & Logistics,Digital Industries
P001021-2024,1000023599,4582903416,24-09-2023,79439.6,09-10-2023,397198,Normal,GBP,On Hold,Annual Maintenance Contract,Smart Infrastructure
2024-DAL-1028,1000064520,4573772263,10-05-2023,10675.4,09-06-2023,53377,Normal,GBP,Disputed,Capital Expenditure,Digital Industries
GWI/2024/1060,1000053134,4577178167,13-02-2025,0,15-03-2025,162238,Normal,USD,Paid,Software Licence,Finance
INV2024001011,1000048518,4552915831,12-10-2023,5383.6,11-11-2023,26918,Normal,GBP,On Hold,Consultancy,Finance
2024-KON-1033,1000031867,4578806340,23-07-2023,40335.29,21-09-2023,212291,Normal,EUR,Part Paid,Spares & Components,Automation
CMT00001022,2000093507,4522493209,16-10-2023,0,31-10-2023,144359,Normal,USD,On Hold,Annual Maintenance Contract,Digital Industries
2023/45128,1000064520,4561720130,28-02-2024,3140.8,29-03-2024,15704,Normal,GBP,Hold,Professional Services,R&D
2024-GWI-1066,1000053134,4564128227,31-01-2025,78012,02-03-2025,390060,Normal,GBP,Disputed,Spares & Components,Energy Management
TML-2023-01039,1000096466,4595594140,15-06-2023,93163.8,30-07-2023,465819,Normal,GBP,Overdue,Subscription,IT Operations
PMS-2024-01008,1000021602,4597449560,31-12-2023,57832.77,15-01-2024,304383,Normal,EUR,Overdue,Freight & Logistics,HR & Admin
2024/35001,1000023599,4592869300,13-12-2024,36666.4,28-12-2024,183332,Normal,GBP,Hold,Preventive Maintenance,Procurement
2023/51737,1000062828,4574162696,08-04-2024,44211,07-06-2024,221055,Normal,GBP,Processing,Professional Services,HR & Admin
INV2023001035,1000060552,4559305311,26-07-2023,49935.04,25-08-2023,262816,Normal,EUR,Paid,Annual Maintenance Contract,Technical Services
PHX00001032,1000078188,4544666429,08-05-2023,32173.46,07-06-2023,169334,Normal,EUR,Part Paid,Tooling,Smart Infrastructure
SI-0001042,1000031867,4573011095,15-11-2023,10143.53,14-01-2024,53387,Normal,EUR,Pending,Professional Services,R&D
ERL/2023/1043,1000023599,4564942244,10-10-2023,74347,25-10-2023,371735,Normal,GBP,Paid,Subscription,Automation
ERL-2023-01045,1000023599,No PO,08-05-2024,44880.8,23-05-2024,224404,Normal,GBP,In Review,Industrial Equipment,IT Operations
2024/82284,1000096466,4551352278,17-11-2024,21769.6,01-01-2025,108848,Normal,GBP,On Hold,Software Licence,Smart Infrastructure
INV2023001052,1000031867,4578806340,03-02-2024,45497.02,03-04-2024,239458,Normal,EUR,Paid,Consultancy,HR & Admin
SI-0001057,1000096466,4595594140,27-04-2023,94210,06-11-2023,471050,Normal,GBP,Paid,Preventive Maintenance,Smart Infrastructure
SI-0001029,2000043692,4556720776,10-09-2024,0,25-09-2024,421921,Normal,USD,Hold,Preventive Maintenance,Technical Services
INV2023001003,1000013105,4550549460,22-12-2024,75061.4,20-02-2025,395060,Normal,EUR,Paid,Tooling,Digital Industries
BBH-2024-01024,1000068330,4575649423,19-04-2025,92287,19-05-2025,461435,Normal,GBP,Hold,Tooling,Healthcare
IFM-2023-01027,1000069628,4543769312,22-01-2023,44796.4,22-04-2023,223982,Normal,GBP,Part Paid,Freight & Logistics,Technical Services
PTL-2023-01026,2000083288,4589710708,28-04-2023,0,28-05-2023,348835,Normal,USD,Part Paid,Preventive Maintenance,Finance
N4L00001053,1000029627,4511966146,13-05-2024,93574.4,28-05-2024,467872,Normal,GBP,Pending,Industrial Equipment,R&D
2023/24311,1000036252,No PO,22-10-2023,52614.8,21-11-2023,263074,Normal,GBP,Disputed,Professional Services,Finance
MSL00001034,2000025351,4553029742,13-06-2024,0,13-07-2024,403053,Normal,USD,Part Paid,Tooling,Procurement
P001006-2024,1000024940,4518378797,13-04-2024,43475,28-05-2024,217375,Normal,GBP,Paid,Preventive Maintenance,IT Operations
ULC00001027,2000067442,4525336431,30-12-2023,0,29-01-2024,197544,Normal,USD,Cancelled,Annual Maintenance Contract,R&D
P001029-2024,1000087316,4590141088,05-05-2023,80484.2,03-08-2023,402421,Normal,GBP,Pending,Preventive Maintenance,Finance
SI-0001043,1000064520,4592477969,08-12-2024,29638.2,07-01-2025,148191,Normal,GBP,In Review,Software Licence,Quality Assurance
INV2023001023,1000048518,4586025947,01-04-2025,3046.2,01-05-2025,15231,Normal,GBP,Paid,Annual Maintenance Contract,HR & Admin
2024-TTN-1002,1000085764,4590164644,06-03-2025,42987.4,05-05-2025,214937,Normal,GBP,Pending,Tooling,HR & Admin
P001031-2023,1000069628,4579130404,06-12-2023,24629.89,05-03-2024,129631,Normal,EUR,Paid,Professional Services,Energy Management
KON/2023/1066,1000031867,4578806340,30-11-2023,45970.69,29-01-2024,241951,Normal,EUR,Part Paid,Preventive Maintenance,Healthcare
IFM00001037,1000069628,4529690012,12-12-2024,14907.8,03-12-2025,74539,Normal,GBP,Part Paid,Consultancy,Automation
P001005-2023,1000081143,4556055382,23-09-2024,39644.2,22-12-2024,198221,Normal,GBP,Overdue,Professional Services,Technical Services
INV2024001066,1000096466,4587910819,21-02-2023,0,07-04-2023,73608,Normal,USD,Disputed,Preventive Maintenance,Quality Assurance
TML/2023/1075,1000096466,4551352278,31-10-2024,22129.4,15-12-2024,110647,Normal,GBP,Overdue,Spares & Components,R&D
SI-0001031,1000011404,4533573026,21-09-2023,37093.2,20-12-2023,185466,Normal,GBP,Disputed,Capital Expenditure,Healthcare
GWI-2023-01080,1000053134,4566824735,26-06-2024,73131.4,26-07-2024,365657,Normal,GBP,Paid,Preventive Maintenance,IT Operations
CHX00001042,2000043692,4593556042,16-02-2025,0,03-03-2025,84224,Normal,USD,Cancelled,Subscription,Smart Infrastructure
SI-0001045,1000082868,4517078676,03-03-2025,0,02-04-2025,45811,Normal,USD,Disputed,Professional Services,IT Operations
SI-0001076,1000096466,4582159808,20-04-2024,95278.8,04-06-2024,476394,Normal,GBP,Pending,Preventive Maintenance,Healthcare
ARC00001024,1000022345,4590565726,03-08-2024,93292.8,18-08-2024,466464,Normal,GBP,Paid,Tooling,IT Operations
2024/58772,2000025351,4512308244,07-09-2023,0,07-10-2023,326539,Normal,USD,On Hold,Industrial Equipment,Finance
INV2024001018,2000040186,4529847717,21-06-2024,0,05-08-2024,371533,Normal,USD,Paid,Capital Expenditure,Healthcare
INV2024001014,1000097776,4568220709,02-08-2023,65508.4,17-08-2023,327542,Normal,GBP,Processing,Professional Services,Technical Services
2024/70155,1000011404,4533573026,17-10-2023,36657.2,15-01-2024,183286,Normal,GBP,Overdue,Annual Maintenance Contract,IT Operations
P001026-2024,1000022345,4536205501,12-11-2023,41994,27-11-2023,209970,Normal,GBP,Pending,Capital Expenditure,Finance
P001044-2023,1000060552,4518175495,02-09-2024,456694.45,02-10-2024,2403655,Review Required,EUR,Disputed,Software Licence,IT Operations
INV2023001014,1000056492,4546278455,19-11-2024,78339.8,03-01-2025,391699,Normal,GBP,Processing,Professional Services,Technical Services
HAY/2023/1011,1000085102,4513812138,07-12-2024,84197.2,06-01-2025,420986,Normal,GBP,Part Paid,Subscription,Healthcare
ENH00001057,1000060552,4586103838,28-02-2024,93825.42,29-03-2024,493818,Normal,EUR,Overdue,Preventive Maintenance,Technical Services
SI-0001082,1000053134,4569989388,06-08-2024,58709.4,08-07-2024,293547,Normal,GBP,In Review,Software Licence,Quality Assurance
ULC/2023/1038,2000067442,4571755797,11-08-2023,0,10-09-2023,380789,Normal,USD,On Hold,Preventive Maintenance,Energy Management
2023-ASC-1023,1000095845,4575992324,01-10-2024,77675.99,31-10-2024,408821,Normal,EUR,Paid,Professional Services,Procurement
DAL-2023-01044,1000064520,4573772263,25-05-2023,7886,24-06-2023,39430,Normal,GBP,Paid,Freight & Logistics,Procurement
TML/2023/1080,1000096466,4527988233,04-07-2024,2450,18-08-2024,12250,Normal,GBP,Part Paid,Utilities,Automation
SI-0001034,1000095845,4585624834,09-03-2024,90635,08-04-2024,453175,Normal,GBP,On Hold,Capital Expenditure,Automation
2024/54941,1000029627,4510676626,10-04-2024,59566.2,25-04-2024,297831,Normal,GBP,Disputed,Preventive Maintenance,Energy Management
P001033-2024,1000087316,4553232833,16-05-2023,20733.2,14-08-2023,103666,Normal,GBP,Processing,Industrial Equipment,Quality Assurance
THG00001035,2000033981,4529970454,05-03-2024,0,19-04-2024,353274,Normal,USD,Hold,Preventive Maintenance,Automation
2023-PLF-1072,1000035815,4575455497,26-09-2024,36925.2,25-11-2024,184626,Normal,GBP,Paid,Freight & Logistics,Finance
2024/40312,1000029627,4591151405,24-05-2024,62580.8,08-06-2024,312904,Normal,GBP,Overdue,Freight & Logistics,Digital Industries
PHX00001035,1000078188,4544666429,30-04-2023,30678.54,30-05-2023,161466,Normal,EUR,Paid,Utilities,Procurement
FST-2024-01008,1000013105,4518743955,15-11-2024,81285.8,15-12-2024,427820,Normal,EUR,Paid,Subscription,Procurement
2023/65015,1000053134,4564128227,31-05-2023,76539.2,30-06-2023,382696,Normal,GBP,Cancelled,Preventive Maintenance,HR & Admin
SI-0001102,1000053134,No PO,19-08-2023,77350.4,18-09-2023,386752,Normal,GBP,Paid,Subscription,Healthcare
P001050-2023,1000064520,4540357142,11-07-2024,65889,10-08-2024,329445,Normal,GBP,Processing,Capital Expenditure,Procurement
2023/88881,1000011404,No PO,26-03-2023,61904.6,24-06-2023,309523,Normal,GBP,Paid,Industrial Equipment,Automation
2023/45721,1000031867,4578806340,14-11-2023,44554.05,13-01-2024,234495,Normal,EUR,Pending,Annual Maintenance Contract,Automation
NGB/2024/1021,1000031235,4580514951,01-10-2023,95159.4,16-10-2023,475797,Normal,GBP,Pending,Freight & Logistics,Technical Services
INV2024001089,1000096466,4551352278,08-12-2024,105951,22-01-2025,529755,Normal,GBP,Disputed,Software Licence,Automation
2023/17765,1000035815,4581953019,26-09-2024,92213.4,25-11-2024,461067,Normal,GBP,On Hold,Professional Services,Energy Management
N4L/2023/1095,1000029627,4586438542,13-02-2024,11531.6,28-02-2024,57658,Normal,GBP,Paid,Annual Maintenance Contract,Finance
SI-0001073,1000031867,4541084002,24-11-2023,37241.33,23-01-2024,196007,Normal,EUR,Processing,Consultancy,Digital Industries
NGB/2024/1027,1000031235,4524565475,19-03-2023,97895.4,03-04-2023,489477,Normal,GBP,Paid,Industrial Equipment,Quality Assurance
2023-IFM-1048,1000069628,4579130404,02-12-2023,24479,01-03-2024,122395,Normal,GBP,In Review,Capital Expenditure,Smart Infrastructure
SI-0001064,1000060552,4590726615,29-12-2024,48686.36,28-01-2025,256244,Normal,EUR,Part Paid,Annual Maintenance Contract,Finance
DAL00001063,1000064520,4573772263,20-07-2023,7998.2,19-08-2023,39991,Normal,GBP,Paid,Software Licence,Procurement
FST00001009,1000013105,4568050002,05-02-2024,51532.18,05-04-2024,271222,Normal,EUR,In Review,Capital Expenditure,Energy Management
CMT00001043,2000093507,4541697369,14-10-2024,0,29-10-2024,240323,Normal,USD,In Review,Capital Expenditure,Energy Management
SI-0001075,1000064520,4597735770,09-01-2024,55534.4,08-02-2024,277672,Normal,GBP,Pending,Freight & Logistics,Finance
ENH-2023-01072,1000060552,4586047309,21-11-2024,24662.38,21-12-2024,129802,Normal,EUR,Disputed,Consultancy,Procurement
2023/94035,1000029627,4511966146,08-03-2024,92024.6,23-03-2024,460123,Normal,GBP,Processing,Professional Services,Energy Management
DAL00001087,1000064520,4597735770,15-12-2023,55235.2,14-01-2024,276176,Normal,GBP,Paid,Spares & Components,Finance
SI-0001019,1000021602,4515101477,03-04-2025,3214.42,18-04-2025,16918,Normal,EUR,Pending,Annual Maintenance Contract,Energy Management
N4L/2024/1103,1000029627,4591151405,28-07-2024,62046.4,12-08-2024,310232,Normal,GBP,Processing,Professional Services,IT Operations
IUK00001046,1000087316,No PO,14-12-2024,37598.6,14-03-2025,187993,Normal,GBP,Paid,Industrial Equipment,Energy Management
BIF00001013,1000056979,4530845342,03-12-2024,82160.4,03-03-2025,410802,Normal,GBP,Paid,Freight & Logistics,Healthcare
YLU-2024-01038,1000048518,4595078105,10-03-2023,66100.8,09-04-2023,330504,Normal,GBP,On Hold,Freight & Logistics,Technical Services
2023-DAL-1100,1000064520,No PO,16-04-2024,96299.6,16-05-2024,481498,Normal,GBP,In Review,Capital Expenditure,Quality Assurance
HAY00001021,1000085102,4595219410,18-11-2023,18868.6,18-12-2023,94343,Normal,GBP,Processing,Capital Expenditure,Procurement
P001051-2023,2000093507,4541697369,20-09-2024,48165.8,05-10-2024,240829,Normal,GBP,Paid,Freight & Logistics,Smart Infrastructure
ULC/2023/1046,2000067442,4533105548,17-07-2024,0,16-08-2024,204399,Normal,USD,Paid,Professional Services,R&D
P001053-2023,1000048518,4552915831,27-08-2023,4455.4,26-09-2023,22277,Normal,GBP,Processing,Spares & Components,Automation
SI-0001015,1000097776,4568910774,12-11-2024,60094,27-11-2024,300470,Normal,GBP,In Review,Spares & Components,HR & Admin
2023-PLF-1086,1000035815,4546200009,04-08-2024,38836,03-09-2024,194180,Normal,GBP,Overdue,Annual Maintenance Contract,R&D
2024-RCS-1031,1000099061,4554763235,12-03-2024,64800.6,11-05-2024,324003,Normal,GBP,Pending,Software Licence,IT Operations
BBH/2024/1034,1000068330,4575649423,19-04-2025,94112.8,04-05-2025,470564,Normal,GBP,Pending,Tooling,Digital Industries
2023/68589,1000031235,4513504964,16-05-2023,24712.8,31-05-2023,123564,Normal,GBP,Hold,Spares & Components,Healthcare
2023-YLU-1056,1000048518,4586398574,16-11-2023,48251,16-12-2023,241255,Normal,GBP,Part Paid,Subscription,Procurement
2024/39607,1000043125,4511907184,01-01-2024,21741.4,01-03-2024,108707,Normal,GBP,Part Paid,Consultancy,IT Operations
2024-KON-1080,1000031867,4594970749,16-05-2023,76416.48,15-07-2023,402192,Normal,EUR,Pending,Software Licence,Smart Infrastructure
ERL-2024-01046,1000023599,4513182792,21-07-2023,50846.8,05-08-2023,254234,Normal,GBP,Paid,Capital Expenditure,Technical Services
DAL-2023-01107,1000064520,4530790855,01-12-2023,51571.6,31-12-2023,257858,Normal,GBP,On Hold,Utilities,Smart Infrastructure
2023/17421,1000068330,4575649423,19-04-2025,94106.4,04-05-2025,470532,Normal,GBP,Paid,Industrial Equipment,IT Operations
INV2023001027,1000056979,4531112159,04-05-2025,87758.6,02-08-2025,438793,Normal,GBP,Paid,Capital Expenditure,Healthcare
SI-0001027,1000096033,4514556276,30-09-2024,87359.4,29-11-2024,436797,Normal,GBP,Paid,Spares & Components,Healthcare
SPE/2024/1058,1000082868,4562710578,07-05-2024,64747,21-06-2024,323735,Normal,GBP,On Hold,Freight & Logistics,Procurement
PTL-2023-01032,2000083288,4589710708,31-03-2023,0,30-04-2023,339907,Normal,USD,On Hold,Professional Services,Healthcare
CIV-2023-01034,1000096033,4544935319,15-05-2024,70682.8,14-07-2024,353414,Normal,GBP,Overdue,Freight & Logistics,HR & Admin
ARC/2023/1041,1000022345,4548566094,05-09-2024,45868.2,20-09-2024,229341,Normal,GBP,Overdue,Annual Maintenance Contract,Healthcare
INV2024001060,1000069628,4579130404,11-10-2023,25330.8,09-01-2024,126654,Normal,GBP,Paid,Spares & Components,Energy Management
SI-0001098,1000035815,4546200009,29-07-2024,37887.6,27-09-2024,189438,Normal,GBP,Paid,Annual Maintenance Contract,Finance
2024-CIR-1029,2000040186,4584108985,27-10-2023,0,11-12-2023,166506,Normal,USD,Paid,Capital Expenditure,Digital Industries
P001011-2023,2000033106,4596260793,07-08-2023,0,22-08-2023,306966,Normal,USD,Paid,Capital Expenditure,Technical Services
INV2023001075,1000060552,4510063087,12-05-2023,56853.32,11-06-2023,299228,Normal,EUR,Paid,Tooling,Quality Assurance
INV2023001097,1000096466,4566024494,02-04-2023,81835.6,21-03-2023,409178,Normal,GBP,Processing,Capital Expenditure,Quality Assurance
2024/34364,1000062828,4535999790,06-08-2023,0,07-08-2023,184145,Normal,USD,On Hold,Freight & Logistics,Automation
2023/59276,1000062828,4574162696,27-04-2024,45829.2,26-06-2024,229146,Normal,GBP,Part Paid,Professional Services,Technical Services
SI-0001104,1000029627,4511966146,29-02-2024,92000.8,15-03-2024,460004,Normal,GBP,On Hold,Professional Services,HR & Admin
2024-PLF-1111,1000035815,4545550848,30-10-2024,9707.2,29-12-2024,48536,Normal,GBP,Pending,Spares & Components,Automation
P001121-2023,1000035815,4529558852,05-04-2025,34865.4,04-06-2025,174327,Normal,GBP,Processing,Consultancy,Finance
SI-0001092,1000031867,4581317004,22-08-2023,71902.27,21-10-2023,378433,Normal,EUR,Paid,Software Licence,Healthcare
ERL/2023/1047,1000023599,4555454582,31-10-2024,12596.4,15-11-2024,62982,Normal,GBP,Part Paid,Consultancy,HR & Admin
2023/55048,1000031235,4527566835,20-11-2023,90041.2,05-12-2023,450206,Normal,GBP,Paid,Preventive Maintenance,HR & Admin
P001103-2024,1000096466,4566024494,01-03-2023,83886.2,15-04-2023,419431,Normal,GBP,Paid,Industrial Equipment,Finance
INV2024001059,2000093507,4538516658,02-11-2024,0,17-11-2024,128625,Normal,USD,Pending,Capital Expenditure,Healthcare
P001013-2024,2000033106,4514498117,17-08-2023,15610.8,01-09-2023,78054,Normal,GBP,Cancelled,Tooling,R&D
2024-ERL-1049,1000023599,4592869300,08-11-2024,38216.6,08-12-2024,191083,Normal,GBP,Cancelled,Tooling,Technical Services
2024-ENH-1076,1000060552,4598236168,23-07-2024,49269.66,22-08-2024,259314,Normal,EUR,Pending,Professional Services,Smart Infrastructure
P001030-2024,1000014278,4598628262,08-12-2024,68014.6,08-03-2025,340073,Normal,GBP,Pending,Preventive Maintenance,Procurement
ULC/2023/1053,2000067442,4533105548,09-07-2024,0,08-08-2024,213413,Normal,USD,Cancelled,Software Licence,Automation
ARC/2024/1043,1000022345,4548566094,05-11-2024,44562.4,20-11-2024,222812,Normal,GBP,Paid,Annual Maintenance Contract,HR & Admin
2024/79278,1000082868,4517078676,13-05-2025,10408.4,27-06-2025,52042,Normal,GBP,Processing,Tooling,IT Operations
2024-BIF-1038,1000056979,4531112159,04-05-2025,88996.8,02-08-2025,444984,Normal,GBP,Paid,Tooling,Healthcare
HAY-2024-01027,1000085102,4513812138,30-12-2024,84982.6,29-01-2025,424913,Normal,GBP,Paid,Industrial Equipment,Healthcare
SI-0001046,2000025351,4517373203,24-04-2024,0,24-05-2024,53977,Normal,USD,Paid,Professional Services,Healthcare
2024/86475,1000023599,4592869300,18-11-2024,37263.6,03-12-2024,186318,Normal,GBP,In Review,Professional Services,Energy Management
2023-THG-1047,2000033981,4527715082,16-09-2023,0,31-10-2023,358405,Normal,USD,In Review,Tooling,IT Operations
INV2023001063,1000069628,4588890772,29-11-2024,66699.6,27-02-2025,333498,Normal,GBP,Paid,Software Licence,Digital Industries
PMS/2023/1032,1000021602,4555248603,11-09-2023,44762.29,26-09-2023,235591,Normal,EUR,Paid,Industrial Equipment,IT Operations
SI-0001036,1000096033,4531940315,23-11-2024,79791.4,22-01-2025,398957,Normal,GBP,Paid,Consultancy,Healthcare
2024-ARC-1056,1000022345,4548566094,12-09-2024,45810.8,27-09-2024,229054,Normal,GBP,Pending,Software Licence,Procurement
SI-0001041,1000099061,4575216623,29-09-2023,64184,28-11-2023,320920,Normal,GBP,Pending,Subscription,Procurement
2024/46113,1000022345,4548566094,02-11-2024,45284.2,17-11-2024,226421,Normal,GBP,Pending,Consultancy,Finance
REN/2024/1034,1000043125,4539496569,12-04-2023,69527.6,11-06-2023,347638,Normal,GBP,Hold,Annual Maintenance Contract,Automation
PFM00001034,1000014278,4582899551,22-08-2024,77526.2,20-11-2024,387631,Normal,GBP,In Review,Industrial Equipment,Quality Assurance
2023/70306,1000064520,No PO,04-07-2024,64256.8,03-08-2024,321284,Normal,GBP,In Review,Tooling,Finance
P001135-2024,1000035815,4575455497,13-08-2024,34372.6,10-12-2024,171863,Normal,GBP,Disputed,Utilities,Energy Management
CMT00001067,2000093507,4561573152,17-10-2024,0,01-11-2024,399135,Normal,USD,Paid,Tooling,R&D
ARC00001072,1000022345,4554936997,06-08-2024,11678.4,21-08-2024,58392,Normal,GBP,Processing,Professional Services,Finance
2023-MSL-1055,2000025351,4581317004,25-06-2024,0,25-07-2024,478104,Normal,USD,Overdue,Preventive Maintenance,Healthcare
THG/2023/1051,2000033981,4596722746,20-02-2023,0,04-06-2023,434111,Normal,USD,Cancelled,Professional Services,Digital Industries
ARC00001079,1000022345,4551818673,30-12-2024,56687.8,14-01-2025,283439,Normal,GBP,Hold,Tooling,Energy Management
P001082-2023,1000060552,4521752058,13-12-2024,11159.65,12-01-2025,58735,Normal,EUR,Paid,Utilities,Smart Infrastructure
INV2023001059,1000087316,4514099095,24-02-2023,38279.8,25-05-2023,191399,Normal,GBP,Paid,Industrial Equipment,Automation
PLF/2024/1139,1000035815,4511449694,17-01-2024,88616.4,17-03-2024,443082,Normal,GBP,Paid,Spares & Components,Quality Assurance
2024-PMS-1034,1000021602,4555248603,23-10-2023,43727.74,07-11-2023,230146,Normal,EUR,Cancelled,Utilities,Technical Services
2023/78400,1000022345,No PO,10-02-2024,14255.4,17-10-2024,71277,Normal,GBP,Overdue,Freight & Logistics,HR & Admin
MSL-2024-01063,2000025351,4583208610,24-04-2023,0,24-05-2023,103567,Normal,USD,Processing,Software Licence,Energy Management
PLF00001149,1000035815,No PO,21-07-2023,76027.2,19-09-2023,380136,Normal,GBP,Pending,Annual Maintenance Contract,IT Operations
ULC-2024-01065,2000067442,4533105548,22-06-2024,0,22-07-2024,214121,Normal,USD,Paid,Industrial Equipment,Finance
SSE/2024/1020,1000033983,4593547481,15-07-2024,98215.8,13-10-2024,491079,Normal,GBP,Paid,Utilities,Automation
2023-KON-1102,1000031867,4550758621,17-04-2023,60729.32,16-06-2023,319628,Normal,EUR,Overdue,Subscription,Procurement
2024/15988,1000060552,No PO,27-08-2023,14294.65,26-09-2023,75235,Normal,EUR,Processing,Capital Expenditure,HR & Admin
2024/78647,1000096466,4571981903,29-07-2023,90136.2,28-08-2023,450681,Normal,GBP,In Review,Annual Maintenance Contract,Automation
2023-N4L-1111,1000029627,4510676626,30-03-2024,59738.6,14-04-2024,298693,Normal,GBP,Pending,Professional Services,Digital Industries
2023/18742,1000053134,4518907521,14-11-2023,50712.8,14-12-2023,253564,Normal,GBP,Paid,Freight & Logistics,Finance
INV2023001072,1000087316,No PO,07-05-2025,38418.8,05-08-2025,192094,Normal,GBP,Paid,Spares & Components,Healthcare
2024-CHX-1065,2000043692,4541084002,17-07-2023,0,01-08-2023,387139,Normal,USD,Processing,Software Licence,Procurement
2023/40038,1000022345,4551818673,19-12-2024,57241.6,03-01-2025,286208,Normal,GBP,Cancelled,Capital Expenditure,Digital Industries
KAI-2024-01012,1000034878,4539555133,28-01-2024,83184.8,27-02-2024,415924,Normal,GBP,Disputed,Annual Maintenance Contract,IT Operations
2023-CHX-1070,2000043692,4593556042,16-02-2025,0,18-03-2025,69556,Normal,USD,Cancelled,Software Licence,Procurement
ENH/2024/1103,1000060552,4598236168,05-07-2024,50372.23,04-08-2024,265117,Normal,EUR,Pending,Tooling,Finance
IFM/2024/1078,1000069628,4529690012,30-12-2024,15352.6,30-03-2025,76763,Normal,GBP,Processing,Professional Services,IT Operations
MSL00001075,2000025351,4549547524,11-01-2024,0,10-02-2024,493065,Normal,USD,Disputed,Capital Expenditure,IT Operations
P001048-2024,1000031235,4556937333,15-06-2023,33418.4,30-06-2023,167092,Normal,GBP,In Review,Professional Services,Digital Industries
ECL-2023-01025,1000097776,4545603480,24-05-2023,97428,08-06-2023,487140,Normal,GBP,Paid,Utilities,Smart Infrastructure
2023-BIF-1053,1000056979,4531112159,04-05-2025,88851.4,02-08-2025,444257,Normal,GBP,Paid,Professional Services,Technical Services
PMC-2023-01015,2000033106,4570130331,21-08-2024,0,05-09-2024,129506,Normal,USD,Processing,Subscription,HR & Admin
BSS-2024-01012,1000074246,4549387711,21-07-2023,265366,20-08-2023,1326830,Normal,GBP,Part Paid,Subscription,Automation
INV2023001030,1000033983,4533024059,23-03-2024,48707.6,21-06-2024,243538,Normal,GBP,Part Paid,Professional Services,Quality Assurance
N4L-2024-01116,1000029627,4517053378,10-08-2023,348626.4,25-08-2023,1743132,Normal,GBP,Pending,Consultancy,Automation
SI-0001066,2000067442,4525336431,09-03-2024,0,08-04-2024,201895,Normal,USD,In Review,Preventive Maintenance,Digital Industries
TML-2024-01129,1000096466,4587910819,27-04-2023,12061.8,11-06-2023,60309,Normal,GBP,Overdue,Tooling,Finance
PTL/2023/1046,2000083288,4589710708,24-06-2023,0,24-07-2023,354212,Normal,USD,Hold,Industrial Equipment,Smart Infrastructure
P001038-2023,1000014278,4573775964,07-02-2023,47021.6,08-05-2023,235108,Normal,GBP,Disputed,Utilities,HR & Admin
MSL-2023-01089,2000025351,4535093469,03-01-2024,0,02-02-2024,428439,Normal,USD,Pending,Freight & Logistics,Technical Services
2024/49428,1000052510,4550570766,08-06-2024,92900.4,07-08-2024,464502,Normal,GBP,Pending,Tooling,Energy Management
TTR/2024/1019,1000056492,4546278455,03-12-2024,9633.8,02-01-2025,48169,Normal,GBP,Disputed,Tooling,Digital Industries
NGB-2023-01055,1000031235,4516893290,22-03-2024,74570.6,06-04-2024,372853,Normal,GBP,Paid,Consultancy,HR & Admin
BBH-2024-01042,1000068330,4588484525,14-07-2023,65788.4,29-07-2023,328942,Normal,GBP,Paid,Annual Maintenance Contract,HR & Admin
2024/69406,1000031867,4578806340,16-12-2023,45714,14-02-2024,240600,Normal,EUR,Paid,Annual Maintenance Contract,HR & Admin
PMS-2023-01043,1000021602,4583041304,29-12-2024,79810.45,13-01-2025,420055,Normal,EUR,Paid,Tooling,Digital Industries
PHX-2024-01043,1000078188,4544666429,29-03-2023,0,28-04-2023,163367,Normal,USD,Overdue,Professional Services,Automation
KON-2024-01128,1000031867,4541084002,02-11-2023,36555.81,01-01-2024,192399,Normal,EUR,Pending,Subscription,IT Operations
MOG-2024-01010,2000051280,4578042382,06-04-2024,0,05-06-2024,310262,Normal,USD,Part Paid,Software Licence,Digital Industries
GWI00001113,1000053134,4550533802,30-12-2024,85436.2,29-01-2025,427181,Normal,GBP,Cancelled,Spares & Components,IT Operations
2024-ERL-1064,1000023599,4564942244,13-02-2025,73732.2,28-02-2025,368661,Normal,GBP,Hold,Preventive Maintenance,IT Operations
2023-KAI-1018,1000034878,4539555133,09-01-2024,84384.4,23-02-2024,421922,Normal,GBP,Cancelled,Freight & Logistics,Smart Infrastructure
TML/2023/1130,1000096466,4566024494,04-03-2023,83620.8,18-04-2023,418104,Normal,GBP,Hold,Freight & Logistics,Procurement
YLU-2023-01062,1000048518,4586398574,19-11-2023,0,19-12-2023,246518,Normal,USD,Processing,Freight & Logistics,HR & Admin
INV2024001078,1000023599,4572721657,16-06-2024,76208.6,01-07-2024,381043,Normal,GBP,Disputed,Consultancy,R&D
SI-0001116,1000053134,4564128227,14-07-2023,78159,13-08-2023,390795,Normal,GBP,Cancelled,Tooling,Finance
RCS-2024-01044,1000099061,4554763235,29-03-2024,66501,28-05-2024,332505,Normal,GBP,Overdue,Annual Maintenance Contract,HR & Admin
DAL00001110,1000064520,4561720130,17-01-2024,11971.4,16-02-2024,59857,Normal,GBP,Paid,Utilities,IT Operations
KNX/2023/1058,1000011404,4533573026,02-08-2023,36621.8,31-10-2023,183109,Normal,GBP,Processing,Preventive Maintenance,Procurement
INV2023001068,1000048518,4552915831,25-08-2023,2650.8,24-09-2023,13254,Normal,GBP,Paid,Consultancy,Energy Management
P001045-2023,1000014278,4526960158,06-11-2024,58895.8,04-02-2025,294479,Normal,GBP,Hold,Industrial Equipment,Energy Management
KAI-2024-01025,1000034878,4539555133,30-01-2024,84679.6,15-03-2024,423398,Normal,GBP,Overdue,Spares & Components,Digital Industries
P001079-2024,1000023599,4523786846,09-04-2024,87247.2,24-04-2024,436236,Normal,GBP,On Hold,Software Licence,Digital Industries
INV2023001081,1000069628,4588890772,13-12-2024,66784.6,12-01-2025,333923,Normal,GBP,Pending,Capital Expenditure,Quality Assurance
SI-0001012,1000085764,4590443585,02-02-2023,21870.8,04-03-2023,109354,Normal,GBP,Paid,Tooling,Quality Assurance
ERL00001093,1000023599,4564942244,04-10-2023,72513.88,19-10-2023,381652,Normal,EUR,Pending,Spares & Components,Technical Services
SFT/2024/1021,1000024940,4575464991,07-12-2023,66463.8,21-01-2024,332319,Normal,GBP,In Review,Tooling,Finance
P001042-2024,1000062828,4574162696,01-04-2024,43636.8,31-05-2024,218184,Normal,GBP,Cancelled,Subscription,Smart Infrastructure
DAL/2023/1123,1000064520,4560736703,08-06-2024,96715.6,08-07-2024,483578,Normal,GBP,Overdue,Annual Maintenance Contract,R&D
CWG00001008,1000081143,4547565849,21-06-2024,48425.4,19-09-2024,242127,Normal,GBP,Cancelled,Subscription,Procurement
IUK00001084,1000087316,4566879498,24-04-2023,19074.2,23-07-2023,95371,Normal,GBP,Pending,Freight & Logistics,HR & Admin
PFM-2023-01050,1000014278,4598628262,27-11-2024,69443.6,25-02-2025,347218,Normal,GBP,Paid,Industrial Equipment,Digital Industries
INV2023001020,2000033106,4596260793,11-06-2023,0,26-06-2023,298496,Normal,USD,Part Paid,Utilities,Quality Assurance
ARC00001092,1000022345,4516925857,03-09-2024,50751.6,18-09-2024,253758,Normal,GBP,On Hold,Industrial Equipment,IT Operations
2023/14554,1000096466,4566024494,14-02-2023,82793.6,31-03-2023,413968,Normal,GBP,In Review,Consultancy,Finance
ENH-2024-01109,1000060552,4586103838,30-01-2024,95393.49,29-02-2024,502071,Normal,EUR,Overdue,Utilities,Energy Management
INV2024001026,1000085764,4590164644,09-04-2025,42231.8,08-06-2025,211159,Normal,GBP,Paid,Utilities,Quality Assurance
INV2024001044,1000096033,4544935319,25-05-2024,72412,24-07-2024,362060,Normal,GBP,Paid,Utilities,Energy Management
SI-0001002,1000082850,4575055325,28-12-2024,0,26-02-2025,478583,Normal,USD,Paid,Industrial Equipment,Smart Infrastructure
2023/97099,1000087316,4514099095,29-01-2023,37970,29-04-2023,189850,Normal,GBP,On Hold,Preventive Maintenance,IT Operations
ENH-2023-01123,1000060552,4598236168,02-07-2024,50270.58,01-08-2024,264582,Normal,EUR,Pending,Utilities,Procurement
SI-0001157,1000096466,4551352278,15-11-2024,0,30-12-2024,105870,Normal,USD,Disputed,Industrial Equipment,IT Operations
ANS-2023-01013,1000052510,4550570766,08-04-2024,92891.6,07-06-2024,464458,Normal,GBP,In Review,Utilities,Energy Management
SI-0001137,1000060552,4557312063,13-10-2024,191243.55,12-11-2024,1006545,Normal,EUR,Processing,Freight & Logistics,IT Operations
CHX/2023/1073,2000043692,4541084002,02-07-2023,0,17-07-2023,384112,Normal,USD,Pending,Industrial Equipment,Digital Industries
SI-0001150,1000035815,4510446073,31-10-2023,90531.4,30-12-2023,452657,Normal,GBP,Overdue,Annual Maintenance Contract,HR & Admin
2023-HYD-1010,1000066816,4552915831,09-02-2023,83506.4,11-03-2023,417532,Normal,GBP,Part Paid,Preventive Maintenance,Digital Industries
MSL00001096,2000025351,4535093469,04-01-2024,0,02-03-2024,421311,Normal,USD,Overdue,Spares & Components,Healthcare
NGB00001073,1000031235,4556937333,23-06-2023,33114.4,08-07-2023,165572,Normal,GBP,Paid,Capital Expenditure,Finance
2023/65878,1000066816,4561838112,14-12-2023,59905.8,13-01-2024,299529,Normal,GBP,Pending,Software Licence,Quality Assurance
CHX00001074,2000043692,4526708600,14-02-2023,0,01-03-2023,465187,Normal,USD,Paid,Capital Expenditure,Procurement
2023-SPE-1062,1000082868,4556037062,24-03-2024,30880.6,08-05-2024,154403,Normal,GBP,In Review,Freight & Logistics,Procurement
2024-ASC-1049,1000095845,4558751739,02-05-2024,0,01-06-2024,285083,Normal,USD,Paid,Capital Expenditure,Energy Management
2023-CHX-1079,2000043692,4526708600,15-04-2023,0,30-04-2023,467954,Normal,USD,Pending,Capital Expenditure,Procurement
NGB-2023-01078,1000031235,4516893290,08-05-2024,74561,23-05-2024,372805,Normal,GBP,Part Paid,Tooling,Finance
2023-DAL-1124,1000064520,4560736703,19-04-2024,94820.4,19-05-2024,474102,Normal,GBP,Pending,Professional Services,IT Operations
2024/10960,1000053134,4564128227,26-07-2023,78799.2,25-08-2023,393996,Normal,GBP,Overdue,Preventive Maintenance,HR & Admin
P001134-2024,1000064520,4596978045,29-05-2024,3330.4,28-06-2024,16652,Normal,GBP,Hold,Spares & Components,Digital Industries
MSL00001109,2000025351,4545550848,24-10-2023,0,23-11-2023,39868,Normal,USD,Disputed,Software Licence,IT Operations
SI-0001024,1000066816,4561838112,14-12-2023,59716.8,13-01-2024,298584,Normal,GBP,Part Paid,Software Licence,R&D
P001060-2023,1000014278,4582899551,07-02-2024,76456.4,30-09-2024,382282,Normal,GBP,Part Paid,Annual Maintenance Contract,Procurement
2024-ULC-1071,2000067442,4563802338,02-03-2023,0,01-04-2023,360126,Normal,USD,Paid,Professional Services,Technical Services
N4L-2024-01124,1000029627,4591226383,18-10-2024,17643.2,02-11-2024,88216,Normal,GBP,On Hold,Preventive Maintenance,Finance
BIF/2023/1064,1000056979,4567273771,29-08-2023,62203,27-11-2023,311015,Normal,GBP,Pending,Capital Expenditure,Finance
2024-SSE-1040,1000033983,4543536066,14-12-2024,12068.6,14-03-2025,60343,Normal,GBP,Pending,Spares & Components,Finance
KNX-2023-01068,1000011404,4533573026,20-09-2023,36096.4,19-12-2023,180482,Normal,GBP,Hold,Utilities,IT Operations
P001071-2023,2000093507,4597546157,24-12-2024,0,08-01-2025,17197,Normal,USD,Part Paid,Freight & Logistics,Automation
PMS-2024-01054,1000021602,4597449560,03-12-2023,58096.68,18-12-2023,305772,Normal,EUR,Overdue,Tooling,Quality Assurance
PLF00001160,1000035815,4543970581,17-09-2023,97614.6,16-11-2023,488073,Normal,GBP,Overdue,Subscription,HR & Admin
SI-0001050,1000062828,4574162696,11-06-2024,45089.4,10-08-2024,225447,Normal,GBP,In Review,Industrial Equipment,IT Operations
CIV-2023-01048,1000096033,4531940315,06-12-2024,81032.6,04-02-2025,405163,Normal,GBP,Part Paid,Tooling,R&D
KON00001130,1000031867,4594970749,03-05-2023,76880.46,02-07-2023,404634,Normal,EUR,Overdue,Software Licence,Smart Infrastructure
ENH00001143,1000060552,4590726615,11-10-2024,50000.97,10-11-2024,263163,Normal,EUR,Paid,Utilities,Healthcare
CIR00001036,2000040186,4592425970,13-04-2024,0,13-05-2024,423763,Normal,USD,Paid,Freight & Logistics,Procurement
CIV00001049,1000096033,4531940315,21-05-2025,80276.4,20-07-2025,401382,Normal,GBP,Overdue,Consultancy,Quality Assurance
INV2023001104,1000087316,4590141088,26-02-2023,82165.6,27-05-2023,410828,Normal,GBP,Paid,Industrial Equipment,R&D
2024-IFM-1087,1000069628,No PO,19-12-2024,16382.4,19-03-2025,81912,Normal,GBP,Processing,Capital Expenditure,HR & Admin
INV2024001084,2000067442,4563802338,07-03-2023,0,06-04-2023,366920,Normal,USD,Overdue,Spares & Components,Digital Industries
2024-SPE-1071,1000082868,4556037062,28-03-2024,30019,12-05-2024,150095,Normal,GBP,Hold,Subscription,Technical Services
INV2024001081,1000031235,4514924325,09-11-2023,28881.6,24-11-2023,144408,Normal,GBP,Part Paid,Spares & Components,Healthcare
BIF/2024/1079,1000056979,4572000995,31-05-2024,48098.4,29-08-2024,240492,Normal,GBP,Paid,Spares & Components,Digital Industries
PHX-2024-01049,1000078188,4578426503,24-10-2023,57439.85,23-11-2023,302315,Normal,EUR,Paid,Spares & Components,Smart Infrastructure
2024/83592,2000033981,4527715082,09-02-2023,0,17-10-2023,363017,Normal,USD,Overdue,Tooling,Healthcare
ERL/2023/1107,1000023599,4592869300,04-12-2024,35830.2,19-12-2024,179151,Normal,GBP,Part Paid,Spares & Components,R&D
INV2024001047,1000043125,4514113681,16-03-2023,18447.6,15-05-2023,92238,Normal,GBP,Processing,Spares & Components,HR & Admin
2023-HAY-1037,1000085102,4553410271,19-11-2024,64030.4,19-12-2024,320152,Normal,GBP,Pending,Annual Maintenance Contract,Finance
INV2024001049,1000033983,4590642050,07-11-2024,83928.6,05-02-2025,419643,Normal,GBP,Paid,Industrial Equipment,HR & Admin
P001059-2023,2000083288,4558151831,30-05-2024,0,29-06-2024,304446,Normal,USD,Hold,Preventive Maintenance,Healthcare
IUK00001105,1000087316,4592951734,17-02-2024,68901,17-05-2024,344505,Normal,GBP,Disputed,Capital Expenditure,Healthcare
N4L/2024/1125,1000029627,4591151405,28-06-2024,62027,13-07-2024,310135,Normal,GBP,Cancelled,Consultancy,Energy Management
SI-0001096,2000067442,4571755797,26-04-2025,0,26-05-2025,371723,Normal,USD,Part Paid,Capital Expenditure,Healthcare
SI-0001028,1000056492,4546278455,15-12-2024,8856.8,29-01-2025,44284,Normal,GBP,Paid,Software Licence,HR & Admin
SI-0001145,1000064520,4540357142,27-08-2024,192823.8,26-09-2024,964119,Normal,GBP,On Hold,Software Licence,HR & Admin
HAY00001048,1000085102,4520984012,24-09-2024,15551.6,24-10-2024,77758,Normal,GBP,Processing,Capital Expenditure,HR & Admin
2023/78770,1000033983,4533024059,24-05-2024,49902.6,22-08-2024,249513,Normal,GBP,Overdue,Subscription,Technical Services
DAL-2023-01148,1000064520,4597735770,05-01-2024,51996.54,04-02-2024,273666,Normal,EUR,Overdue,Consultancy,Procurement
YLU-2024-01075,1000048518,4586025947,01-04-2025,1348.4,01-05-2025,6742,Normal,GBP,Hold,Freight & Logistics,IT Operations
YLU/2023/1076,1000048518,4595078105,14-04-2023,65280,14-05-2023,326400,Normal,GBP,Processing,Annual Maintenance Contract,Healthcare
CIV00001057,1000096033,4591296243,27-08-2024,65786.2,26-09-2024,328931,Normal,GBP,Hold,Preventive Maintenance,Procurement
SI-0001123,1000053134,4569989388,12-04-2024,59866.4,12-05-2024,299332,Normal,GBP,In Review,Spares & Components,Smart Infrastructure
2024/40976,1000029627,4554863973,25-09-2024,6694.46,10-10-2024,35234,Normal,EUR,In Review,Annual Maintenance Contract,Smart Infrastructure
2024/23903,1000031235,4516893290,11-04-2024,74303,26-04-2024,371515,Normal,GBP,Pending,Tooling,Technical Services
INV2023001136,1000053134,4518907521,29-08-2023,48420.55,28-09-2023,254845,Normal,EUR,Part Paid,Professional Services,Quality Assurance
SI-0001049,2000040186,4584108985,10-10-2023,0,24-11-2023,167341,Normal,USD,Paid,Tooling,Automation
N4L-2024-01134,1000029627,4591151405,24-07-2024,59780.8,08-08-2024,298904,Normal,GBP,Processing,Industrial Equipment,Procurement
N4L-2023-01149,1000029627,4517053378,09-09-2023,89455.4,24-09-2023,447277,Normal,GBP,Overdue,Professional Services,HR & Admin
2024/48045,2000051280,4576658519,25-04-2023,0,24-06-2023,215140,Normal,USD,Processing,Industrial Equipment,HR & Admin
P001063-2024,1000033983,4533024059,12-03-2024,47080.29,10-06-2024,247791,Normal,EUR,Paid,Annual Maintenance Contract,Technical Services
CHX00001086,2000043692,4595771152,28-02-2024,81794.81,14-03-2024,430499,Normal,EUR,In Review,Consultancy,Automation
2023/35093,1000021602,4515101477,03-04-2025,4209.64,18-04-2025,22156,Normal,EUR,In Review,Professional Services,R&D
SI-0001093,1000031235,4580514951,22-10-2023,94763.2,06-11-2023,473816,Normal,GBP,Paid,Preventive Maintenance,Energy Management
2023/55496,1000095845,4586213372,06-08-2024,28246.2,05-09-2024,141231,Normal,GBP,Paid,Software Licence,Digital Industries
2023/94446,1000022345,4554936997,21-07-2024,11782.2,05-08-2024,58911,Normal,GBP,Hold,Capital Expenditure,HR & Admin
IUK-2024-01115,1000087316,4560612668,10-04-2023,35614.2,09-07-2023,178071,Normal,GBP,Paid,Software Licence,Procurement
2024-BIF-1091,1000056979,4548612579,08-12-2024,74570.8,08-03-2025,372854,Normal,GBP,Disputed,Professional Services,Healthcare
P001019-2024,1000036252,4592730859,06-12-2023,367467.8,05-01-2024,1837339,Normal,GBP,Paid,Tooling,Technical Services
SI-0001168,1000035815,4511449694,14-01-2024,90571.8,14-03-2024,452859,Normal,GBP,On Hold,Software Licence,Quality Assurance
SI-0001018,1000013105,4550549460,31-12-2024,75135.12,01-03-2025,395448,Normal,EUR,Paid,Tooling,Technical Services
P001151-2024,1000060552,4598236168,27-06-2024,49321.91,27-07-2024,259589,Normal,EUR,Hold,Spares & Components,Quality Assurance
KNX-2024-01074,1000011404,No PO,06-05-2023,9145.6,04-08-2023,45728,Normal,GBP,Paid,Subscription,IT Operations
P001010-2024,1000082850,4549779020,04-07-2024,64276.2,02-09-2024,321381,Normal,GBP,Hold,Subscription,Energy Management
INV2024001171,1000096466,4511424393,20-11-2023,79256,04-01-2024,396280,Normal,GBP,Part Paid,Freight & Logistics,Automation
SI-0001061,1000085102,4513812138,10-12-2024,85980.8,09-01-2025,429904,Normal,GBP,Disputed,Utilities,Quality Assurance
ENH-2024-01154,1000060552,4559305311,01-08-2023,48727.59,31-08-2023,256461,Normal,EUR,Part Paid,Industrial Equipment,Finance
INV2023001102,1000031235,4514924325,07-09-2023,29448.2,22-09-2023,147241,Normal,GBP,Pending,Capital Expenditure,R&D
INV2023001153,1000029627,4586438542,17-03-2024,10724,01-04-2024,53620,Normal,GBP,On Hold,Professional Services,Digital Industries
2024/25581,1000064520,4537774661,24-09-2024,69242.6,24-10-2024,346213,Normal,GBP,Part Paid,Utilities,R&D
P001103-2023,1000031235,No PO,14-10-2023,96402.2,29-10-2023,482011,Normal,GBP,Pending,Consultancy,Energy Management
PHX/2023/1058,1000078188,4544666429,15-05-2023,32671.64,14-06-2023,171956,Normal,EUR,Cancelled,Utilities,Smart Infrastructure
CWG00001011,1000081143,4556055382,25-09-2024,40584.6,24-12-2024,202923,Normal,GBP,Part Paid,Tooling,Technical Services
KON/2023/1143,1000031867,4573011095,20-11-2023,11100.94,19-01-2024,58426,Normal,EUR,On Hold,Capital Expenditure,Automation
2023-DAL-1172,1000064520,4596978045,09-06-2024,1875.8,09-07-2024,9379,Normal,GBP,Processing,Capital Expenditure,Healthcare
INV2023001074,2000083288,4550700353,13-06-2024,0,13-07-2024,479193,Normal,USD,Part Paid,Annual Maintenance Contract,Technical Services
KON00001153,1000031867,4578806340,21-07-2023,40315.34,19-09-2023,212186,Normal,EUR,Cancelled,Subscription,Finance
INV2023001078,2000093507,4522493209,25-10-2023,0,09-11-2023,142346,Normal,USD,Overdue,Utilities,Smart Infrastructure
CIV/2023/1070,1000096033,4595511809,25-07-2023,47042.8,23-09-2023,235214,Normal,GBP,Disputed,Tooling,IT Operations
HAY-2023-01073,1000085102,4595219410,04-11-2023,21613.4,04-12-2023,108067,Normal,GBP,Paid,Spares & Components,Finance
NGB/2024/1116,1000031235,4578426503,01-04-2024,11534.8,16-04-2024,57674,Normal,GBP,On Hold,Professional Services,R&D
2024-TTN-1039,1000085764,4590443585,22-03-2023,21208.6,21-05-2023,106043,Normal,GBP,Paid,Capital Expenditure,Healthcare
P001077-2023,1000048518,4586398574,12-10-2023,47074.4,11-11-2023,235372,Normal,GBP,Overdue,Utilities,Technical Services
2023-CIV-1077,1000096033,4531940315,18-03-2025,561461.6,17-05-2025,2807308,Review Required,GBP,Paid,Utilities,Automation
SI-0001182,1000035815,4510446073,13-10-2023,90658.8,12-12-2023,453294,Normal,GBP,Cancelled,Subscription,Digital Industries
CIR00001054,2000040186,4529847717,06-07-2024,0,20-08-2024,382463,Normal,USD,In Review,Tooling,Healthcare
2023-ASC-1065,1000095845,4585038888,25-03-2024,22275.4,24-04-2024,111377,Normal,GBP,Disputed,Software Licence,Energy Management
2023-MSL-1123,2000025351,4535093469,08-02-2024,0,09-03-2024,428123,Normal,USD,Hold,Tooling,Technical Services
PFM00001076,1000014278,4548521334,25-02-2023,92591.6,26-05-2023,462958,Normal,GBP,Hold,Capital Expenditure,Energy Management
SI-0001084,1000014278,4526960158,18-11-2024,58453.4,16-02-2025,292267,Normal,GBP,In Review,Professional Services,Automation
TML00001178,1000096466,4522573825,02-12-2024,16644.8,16-01-2025,83224,Normal,GBP,Hold,Industrial Equipment,Energy Management
2024/82719,1000013105,4550549460,28-12-2024,77491.69,27-01-2025,407851,Normal,EUR,Paid,Tooling,Digital Industries
2024/86858,1000011404,4586826109,28-02-2023,64684.6,29-05-2023,323423,Normal,GBP,In Review,Annual Maintenance Contract,Technical Services
2024/35077,2000040186,4549863203,03-12-2023,0,17-01-2024,440414,Normal,USD,Overdue,Preventive Maintenance,Healthcare
INV2024001082,2000083288,4589710708,21-06-2023,0,21-07-2023,346577,Normal,USD,Paid,Annual Maintenance Contract,R&D
2023/25316,2000067442,4533105548,16-06-2024,0,16-07-2024,219090,Normal,USD,Disputed,Professional Services,Energy Management
2024/63284,1000064520,4530790855,18-12-2023,51154.8,17-01-2024,255774,Normal,GBP,Overdue,Subscription,Finance
KNX/2023/1089,1000011404,4564367814,17-12-2024,96738.2,17-03-2025,483691,Normal,GBP,In Review,Spares & Components,HR & Admin
2023-ERL-1120,1000023599,4582903416,12-11-2023,78827.4,26-12-2023,394137,Normal,GBP,Paid,Utilities,Quality Assurance
P001106-2023,1000056979,No PO,29-03-2024,49123.6,27-06-2024,245618,Normal,GBP,Overdue,Consultancy,HR & Admin
IUK/2024/1129,1000087316,4519746781,19-04-2024,60590.6,18-07-2024,302953,Normal,GBP,Part Paid,Professional Services,IT Operations
SI-0001085,1000048518,4552915831,27-09-2023,4744.4,27-10-2023,23722,Normal,GBP,Overdue,Professional Services,Digital Industries
FST/2023/1047,1000013105,4518743955,17-10-2024,82805.23,16-12-2024,435817,Normal,EUR,Pending,Annual Maintenance Contract,Procurement
INV2024001105,2000067442,4571755797,19-07-2023,0,18-08-2023,371592,Normal,USD,On Hold,Preventive Maintenance,Automation
SI-0001113,1000056979,4572000995,20-05-2024,47328.2,18-08-2024,236641,Normal,GBP,Paid,Capital Expenditure,Energy Management
INV2023001159,1000060552,4578022221,29-12-2024,3961.88,28-01-2025,20852,Normal,EUR,Paid,Freight & Logistics,Finance
INV2024001125,1000023599,4564942244,13-11-2023,74161.6,28-11-2023,370808,Normal,GBP,Paid,Subscription,Healthcare
PTL/2024/1085,2000083288,4557822552,19-11-2024,0,19-12-2024,404744,Normal,USD,Pending,Tooling,Automation
CMT-2024-01084,2000093507,4538516658,02-11-2024,0,17-11-2024,140999,Normal,USD,Pending,Capital Expenditure,Technical Services
P001080-2024,1000096033,4549702930,26-09-2024,17259.6,25-11-2024,86298,Normal,GBP,Disputed,Subscription,Procurement
INV2024001110,1000022345,4536205501,08-10-2023,42112.6,23-10-2023,210563,Normal,GBP,Hold,Industrial Equipment,HR & Admin
2024-GWI-1143,1000053134,4518907521,22-09-2023,49315.8,22-10-2023,246579,Normal,GBP,On Hold,Preventive Maintenance,Healthcare
2024-KON-1155,1000031867,4581317004,28-09-2023,71322.58,27-11-2023,375382,Normal,EUR,Pending,Spares & Components,Finance
P001067-2023,2000033981,4562271773,19-12-2024,0,02-02-2025,339738,Normal,USD,Overdue,Spares & Components,Smart Infrastructure
2023-PHX-1061,1000078188,4534888404,18-12-2023,10127.19,17-01-2024,53301,Normal,EUR,Pending,Professional Services,R&D
SI-0001106,2000067442,4533105548,25-05-2024,0,24-06-2024,206453,Normal,USD,Pending,Spares & Components,Quality Assurance
CIR00001070,2000040186,4529847717,04-07-2024,0,18-08-2024,383352,Normal,USD,Paid,Capital Expenditure,Smart Infrastructure
SI-0001187,1000064520,4592477969,20-12-2024,27451.6,19-01-2025,137258,Normal,GBP,Hold,Spares & Components,Technical Services
IUK00001139,1000087316,4514099095,05-02-2023,37398.6,06-05-2023,186993,Normal,GBP,Paid,Tooling,Procurement
P001075-2024,2000040186,4545923997,05-05-2024,0,04-06-2024,460360,Normal,USD,Paid,Subscription,HR & Admin
INV2023001041,1000024940,4518378797,11-05-2024,308767.2,25-06-2024,1543836,Normal,GBP,Cancelled,Utilities,Procurement
P001097-2023,1000069628,No PO,10-12-2023,26955.6,09-03-2024,134778,Normal,GBP,Pending,Consultancy,IT Operations
P001149-2024,1000087316,4519746781,24-05-2024,59023.4,22-08-2024,295117,Normal,GBP,Part Paid,Consultancy,HR & Admin
INV2023001160,1000060552,4559305311,04-07-2023,49606.34,03-08-2023,261086,Normal,EUR,Part Paid,Professional Services,Digital Industries
INV2023001164,1000087316,4528200100,04-12-2024,95732.4,04-03-2025,478662,Normal,GBP,Paid,Utilities,HR & Admin
MSL/2023/1134,2000025351,4535093469,03-01-2024,0,02-02-2024,427239,Normal,USD,Paid,Software Licence,Healthcare
2023-DAL-1202,1000064520,4592477969,09-12-2024,28808.6,08-01-2025,144043,Normal,GBP,Pending,Professional Services,Quality Assurance
2023/35040,1000033983,4590642050,04-12-2024,83125.6,04-03-2025,415628,Normal,GBP,Cancelled,Capital Expenditure,R&D
SI-0001088,2000040186,4545923997,07-05-2024,0,06-06-2024,455226,Normal,USD,Pending,Industrial Equipment,Healthcare
PLF00001191,1000035815,4576509626,17-03-2023,46693.4,16-05-2023,233467,Normal,GBP,Cancelled,Capital Expenditure,Quality Assurance
PLF/2024/1203,1000035815,4510446073,12-09-2023,90803.6,11-11-2023,454018,Normal,GBP,Cancelled,Tooling,HR & Admin
PTL00001096,2000083288,4558151831,20-04-2024,0,20-05-2024,302319,Normal,USD,Part Paid,Capital Expenditure,R&D
DAL-2023-01211,1000064520,4573772263,10-07-2023,9303.6,09-08-2023,46518,Normal,GBP,Paid,Software Licence,Finance
INV2024001065,1000021602,4555248603,11-09-2023,44816.06,26-09-2023,235874,Normal,EUR,Cancelled,Software Licence,Smart Infrastructure
2024/39146,1000033983,4593547481,04-06-2024,97565.8,02-09-2024,487829,Normal,GBP,Pending,Annual Maintenance Contract,HR & Admin
CIV-2023-01091,1000096033,4519088643,08-06-2023,69426.8,07-08-2023,347134,Normal,GBP,Disputed,Utilities,Quality Assurance
2023/51995,1000053134,4580118649,12-07-2023,43043.2,11-08-2023,215216,Normal,GBP,Pending,Consultancy,Procurement
P001066-2023,1000095845,4575992324,07-09-2024,82550,07-10-2024,412750,Normal,GBP,Pending,Professional Services,Finance
2023-IUK-1172,1000087316,4592951734,09-03-2024,66823.4,07-06-2024,334117,Normal,GBP,On Hold,Capital Expenditure,Healthcare
SI-0001077,1000095845,4585038888,15-04-2024,23225,15-05-2024,116125,Normal,GBP,Disputed,Software Licence,Smart Infrastructure
2024-ENH-1172,1000060552,4557312063,08-11-2024,37840.21,08-12-2024,199159,Normal,EUR,Part Paid,Professional Services,Automation
KAI00001026,1000034878,4527415243,23-06-2024,21554.4,07-08-2024,107772,Normal,GBP,Paid,Utilities,Smart Infrastructure
PHX-2023-01065,1000078188,4515400671,07-11-2024,2464.11,07-12-2024,12969,Normal,EUR,Overdue,Capital Expenditure,Energy Management
